Production Date,Shift Type,Client,Card Type,Quantity Produced,Machine Used,Operator Name
05/01/26,Morning,GTBank,Visa,10700,MS-1,Jennifer
05/01/26,Morning,GTBank,Visa,10800,MS-2,Godday
05/01/26,Morning,Access Bank,Afrigo,3000,PT-1,Kingsley
05/01/26,Afternoon,Access Bank,Mastercard,8800,MS-1,Judith
05/01/26,Afternoon,Moniepoint,Visa,10200,MS-2,Kingsley
05/01/26,Afternoon,Zenith Bank,Verve,5800,PT-2,Jennifer
05/01/26,Night,Zenith Bank,Mastercard,9000,MS-1,Naomi
05/01/26,Night,Access Bank,Visa,3700,PT-1,Kingsley
05/01/26,Night,Access Bank,Visa,4000,PT-2,Jennifer
06/01/26,Morning,GTBank,Mastercard,9400,MS-1,Judith
06/01/26,Afternoon,Polaris,Verve,11800,MS-1,Naomi
06/01/26,Afternoon,GTBank,Verve,6500,PT-1,Godday
06/01/26,Night,Zenith Bank,Visa,7500,PT-1,Judith
07/01/26,Morning,Access Bank,Afrigo,8400,MS-1,Naomi
07/01/26,Morning,Moniepoint,Verve,6300,MS-2,Judith
07/01/26,Morning,Polaris,Visa,7300,PT-2,Godday
07/01/26,Afternoon,GTBank,Verve,8400,MS-2,Judith
07/01/26,Afternoon,Moniepoint,Visa,3800,PT-1,Naomi
07/01/26,Afternoon,Access Bank,Mastercard,6700,PT-2,Godday
07/01/26,Night,Access Bank,Mastercard,6800,MS-2,Jennifer
07/01/26,Night,Polaris,Visa,4200,PT-1,Kingsley
08/01/26,Morning,GTBank,Verve,10500,MS-1,Jennifer
08/01/26,Morning,Moniepoint,Mastercard,7300,MS-2,Godday
08/01/26,Morning,Opay,Mastercard,7800,PT-1,Naomi
08/01/26,Morning,GTBank,Visa,4100,PT-2,Kingsley
08/01/26,Afternoon,Zenith Bank,Afrigo,7100,MS-1,Naomi
08/01/26,Afternoon,GTBank,Mastercard,10200,MS-2,Kingsley
08/01/26,Afternoon,Access Bank,Visa,4200,PT-1,Jennifer
08/01/26,Afternoon,GTBank,Afrigo,6100,PT-2,Godday
08/01/26,Night,Opay,Visa,8700,MS-1,Kingsley
08/01/26,Night,Zenith Bank,Mastercard,9700,MS-2,Naomi
08/01/26,Night,Moniepoint,Verve,7100,PT-2,Jennifer
09/01/26,Morning,Access Bank,Mastercard,9800,MS-2,Naomi
09/01/26,Morning,GTBank,Afrigo,3600,PT-2,Godday
09/01/26,Afternoon,Access Bank,Verve,7100,MS-1,Naomi
09/01/26,Afternoon,Zenith Bank,Afrigo,10200,MS-2,Jennifer
09/01/26,Afternoon,Polaris,Afrigo,4500,PT-1,Godday
09/01/26,Afternoon,Access Bank,Mastercard,6500,PT-2,Judith
09/01/26,Night,Access Bank,Visa,6400,PT-1,Godday
09/01/26,Night,Moniepoint,Visa,4400,PT-2,Kingsley
12/01/26,Morning,Opay,Verve,9700,MS-1,Kingsley
12/01/26,Morning,Zenith Bank,Mastercard,9300,MS-2,Jennifer
12/01/26,Morning,GTBank,Afrigo,3200,PT-1,Judith
12/01/26,Morning,Moniepoint,Afrigo,5900,PT-2,Naomi
12/01/26,Afternoon,GTBank,Mastercard,11500,MS-1,Kingsley
12/01/26,Afternoon,GTBank,Afrigo,6800,MS-2,Godday
12/01/26,Afternoon,Moniepoint,Verve,6600,PT-1,Naomi
12/01/26,Afternoon,Polaris,Verve,3500,PT-2,Judith
12/01/26,Night,Moniepoint,Mastercard,7800,PT-1,Naomi
13/01/26,Morning,Moniepoint,Visa,6100,MS-2,Jennifer
13/01/26,Morning,Opay,Verve,4900,PT-1,Naomi
13/01/26,Morning,Opay,Mastercard,4000,PT-2,Godday
13/01/26,Afternoon,GTBank,Verve,9300,MS-1,Kingsley
13/01/26,Afternoon,Moniepoint,Afrigo,10900,MS-2,Judith
14/01/26,Morning,Zenith Bank,Visa,6200,MS-2,Kingsley
14/01/26,Morning,Moniepoint,Mastercard,5400,PT-2,Jennifer
14/01/26,Afternoon,Moniepoint,Verve,7400,PT-2,Judith
14/01/26,Night,Opay,Verve,7000,MS-2,Godday
14/01/26,Night,GTBank,Mastercard,7900,PT-1,Jennifer
15/01/26,Morning,Polaris,Visa,11400,MS-1,Kingsley
15/01/26,Morning,Polaris,Afrigo,7500,MS-2,Judith
15/01/26,Morning,GTBank,Verve,7400,PT-1,Godday
15/01/26,Morning,Zenith Bank,Visa,5100,PT-2,Naomi
15/01/26,Afternoon,Polaris,Verve,7500,MS-2,Judith
15/01/26,Afternoon,GTBank,Verve,7200,PT-1,Kingsley
15/01/26,Afternoon,Moniepoint,Mastercard,7300,PT-2,Godday
15/01/26,Night,Opay,Afrigo,11600,MS-2,Godday
15/01/26,Night,GTBank,Afrigo,6300,PT-2,Judith
16/01/26,Morning,Moniepoint,Visa,11200,MS-1,Kingsley
16/01/26,Morning,Access Bank,Visa,11500,MS-2,Naomi
16/01/26,Morning,GTBank,Mastercard,4500,PT-1,Jennifer
16/01/26,Morning,Polaris,Visa,4300,PT-2,Godday
16/01/26,Afternoon,Zenith Bank,Afrigo,6700,MS-1,Naomi
16/01/26,Afternoon,Moniepoint,Mastercard,10500,MS-2,Judith
16/01/26,Afternoon,Zenith Bank,Mastercard,4100,PT-1,Jennifer
16/01/26,Night,Moniepoint,Verve,9200,MS-2,Naomi
19/01/26,Morning,Polaris,Visa,8700,MS-1,Godday
19/01/26,Morning,GTBank,Mastercard,5500,PT-1,Jennifer
19/01/26,Morning,Opay,Afrigo,4300,PT-2,Judith
19/01/26,Afternoon,Zenith Bank,Verve,11000,MS-2,Judith
19/01/26,Afternoon,Zenith Bank,Visa,6500,PT-1,Godday
19/01/26,Afternoon,Moniepoint,Afrigo,7200,PT-2,Kingsley
19/01/26,Night,Moniepoint,Mastercard,7800,MS-1,Jennifer
19/01/26,Night,GTBank,Afrigo,10900,MS-2,Naomi
19/01/26,Night,GTBank,Afrigo,4000,PT-1,Godday
19/01/26,Night,Opay,Mastercard,7000,PT-2,Judith
20/01/26,Morning,Access Bank,Visa,7000,MS-1,Kingsley
20/01/26,Morning,GTBank,Afrigo,5900,PT-1,Jennifer
20/01/26,Morning,Zenith Bank,Visa,7800,PT-2,Godday
20/01/26,Afternoon,Zenith Bank,Afrigo,7400,MS-1,Kingsley
20/01/26,Afternoon,Moniepoint,Visa,10100,MS-2,Naomi
20/01/26,Night,Access Bank,Mastercard,7400,MS-2,Judith
21/01/26,Morning,GTBank,Visa,7700,MS-1,Kingsley
21/01/26,Morning,Polaris,Visa,10600,MS-2,Judith
21/01/26,Afternoon,Moniepoint,Afrigo,10500,MS-1,Kingsley
21/01/26,Afternoon,Zenith Bank,Mastercard,7900,MS-2,Naomi
21/01/26,Afternoon,Moniepoint,Afrigo,7600,PT-1,Godday
21/01/26,Night,Opay,Mastercard,11500,MS-2,Judith
22/01/26,Morning,Zenith Bank,Mastercard,6500,MS-1,Naomi
22/01/26,Morning,Access Bank,Afrigo,6100,MS-2,Godday
22/01/26,Morning,Moniepoint,Mastercard,4100,PT-1,Judith
22/01/26,Morning,Moniepoint,Visa,6900,PT-2,Kingsley
22/01/26,Afternoon,Moniepoint,Verve,7700,MS-2,Jennifer
22/01/26,Afternoon,Access Bank,Mastercard,6000,PT-1,Kingsley
22/01/26,Night,Moniepoint,Afrigo,9800,MS-1,Jennifer
22/01/26,Night,Polaris,Afrigo,5500,PT-2,Godday
23/01/26,Morning,Access Bank,Verve,7500,MS-1,Godday
23/01/26,Morning,GTBank,Afrigo,9900,MS-2,Jennifer
23/01/26,Morning,Zenith Bank,Mastercard,5800,PT-1,Judith
23/01/26,Morning,Moniepoint,Mastercard,8000,PT-2,Naomi
23/01/26,Afternoon,Moniepoint,Mastercard,9800,MS-1,Judith
23/01/26,Afternoon,Polaris,Mastercard,8200,MS-2,Godday
23/01/26,Afternoon,GTBank,Visa,5500,PT-1,Jennifer
23/01/26,Afternoon,Polaris,Verve,6400,PT-2,Naomi
26/01/26,Morning,Access Bank,Mastercard,11400,MS-1,Naomi
26/01/26,Morning,Moniepoint,Mastercard,4500,PT-2,Kingsley
26/01/26,Afternoon,Zenith Bank,Verve,11000,MS-1,Naomi
26/01/26,Afternoon,Polaris,Verve,9800,MS-2,Judith
26/01/26,Night,Access Bank,Afrigo,10600,MS-1,Godday
26/01/26,Night,Zenith Bank,Mastercard,9000,MS-2,Kingsley
26/01/26,Night,Zenith Bank,Visa,7400,PT-2,Judith
27/01/26,Morning,Zenith Bank,Verve,8300,MS-1,Godday
27/01/26,Morning,Moniepoint,Afrigo,7100,MS-2,Naomi
27/01/26,Morning,Moniepoint,Mastercard,4000,PT-1,Jennifer
27/01/26,Morning,Access Bank,Afrigo,4500,PT-2,Kingsley
27/01/26,Afternoon,Opay,Mastercard,7800,MS-1,Naomi
27/01/26,Afternoon,GTBank,Mastercard,7400,PT-1,Judith
27/01/26,Afternoon,Opay,Visa,6300,PT-2,Kingsley
27/01/26,Night,Moniepoint,Mastercard,8700,MS-1,Jennifer
27/01/26,Night,Opay,Afrigo,10100,MS-2,Naomi
27/01/26,Night,Polaris,Verve,6500,PT-2,Judith
28/01/26,Morning,Polaris,Visa,11900,MS-1,Judith
28/01/26,Morning,Access Bank,Visa,9000,MS-2,Godday
28/01/26,Morning,Zenith Bank,Afrigo,5500,PT-2,Naomi
28/01/26,Afternoon,Polaris,Verve,6600,MS-1,Jennifer
28/01/26,Afternoon,Moniepoint,Afrigo,6900,MS-2,Godday
28/01/26,Afternoon,Polaris,Afrigo,6600,PT-2,Kingsley
28/01/26,Night,Moniepoint,Mastercard,9300,MS-1,Godday
28/01/26,Night,Opay,Visa,7300,PT-2,Kingsley
29/01/26,Morning,Polaris,Mastercard,9700,MS-1,Jennifer
29/01/26,Morning,Access Bank,Verve,11700,MS-2,Godday
29/01/26,Morning,Zenith Bank,Mastercard,5100,PT-1,Kingsley
29/01/26,Afternoon,Moniepoint,Verve,6700,MS-2,Naomi
29/01/26,Afternoon,GTBank,Verve,3600,PT-1,Jennifer
29/01/26,Afternoon,GTBank,Visa,7600,PT-2,Godday
29/01/26,Night,Access Bank,Verve,7300,MS-1,Naomi
30/01/26,Morning,Opay,Verve,10900,MS-2,Naomi
30/01/26,Morning,GTBank,Verve,5700,PT-1,Kingsley
30/01/26,Morning,Zenith Bank,Afrigo,5500,PT-2,Jennifer
30/01/26,Afternoon,Polaris,Mastercard,9400,MS-2,Godday
30/01/26,Afternoon,Opay,Visa,5000,PT-2,Judith
30/01/26,Night,Access Bank,Visa,10300,MS-2,Naomi
02/02/26,Morning,Polaris,Mastercard,8200,MS-1,Judith
02/02/26,Morning,Access Bank,Verve,5900,PT-1,Godday
02/02/26,Morning,GTBank,Afrigo,7300,PT-2,Naomi
02/02/26,Afternoon,Opay,Visa,9300,MS-1,Godday
02/02/26,Afternoon,Opay,Afrigo,7600,MS-2,Judith
02/02/26,Afternoon,Opay,Mastercard,4400,PT-1,Naomi
02/02/26,Afternoon,GTBank,Mastercard,6100,PT-2,Jennifer
02/02/26,Night,GTBank,Verve,8900,MS-1,Naomi
02/02/26,Night,Zenith Bank,Visa,10200,MS-2,Jennifer
02/02/26,Night,Zenith Bank,Verve,4600,PT-2,Godday
03/02/26,Morning,Opay,Mastercard,11100,MS-1,Jennifer
03/02/26,Morning,Zenith Bank,Verve,6900,PT-1,Kingsley
03/02/26,Morning,Moniepoint,Verve,7500,PT-2,Naomi
03/02/26,Afternoon,Access Bank,Verve,8000,MS-1,Jennifer
03/02/26,Afternoon,Opay,Verve,9400,MS-2,Kingsley
03/02/26,Afternoon,Access Bank,Verve,6600,PT-1,Naomi
03/02/26,Afternoon,Zenith Bank,Afrigo,4400,PT-2,Godday
03/02/26,Night,Access Bank,Verve,6200,MS-1,Kingsley
03/02/26,Night,Moniepoint,Verve,4100,PT-2,Godday
04/02/26,Morning,Moniepoint,Afrigo,10100,MS-2,Judith
04/02/26,Morning,GTBank,Verve,4100,PT-1,Godday
04/02/26,Morning,Opay,Visa,3700,PT-2,Kingsley
04/02/26,Afternoon,Zenith Bank,Verve,11300,MS-2,Naomi
04/02/26,Afternoon,Moniepoint,Afrigo,3900,PT-1,Kingsley
04/02/26,Afternoon,Access Bank,Afrigo,5500,PT-2,Jennifer
04/02/26,Night,Opay,Verve,5800,PT-2,Naomi
05/02/26,Morning,GTBank,Visa,6900,MS-2,Judith
05/02/26,Morning,Opay,Afrigo,3000,PT-1,Godday
05/02/26,Morning,GTBank,Mastercard,4200,PT-2,Kingsley
05/02/26,Afternoon,Access Bank,Verve,6800,MS-1,Godday
05/02/26,Afternoon,Polaris,Mastercard,9600,MS-2,Judith
05/02/26,Afternoon,Opay,Visa,5200,PT-1,Kingsley
05/02/26,Afternoon,Access Bank,Visa,5400,PT-2,Jennifer
05/02/26,Night,GTBank,Verve,7700,MS-1,Kingsley
05/02/26,Night,Polaris,Mastercard,6300,PT-1,Godday
05/02/26,Night,Polaris,Mastercard,4400,PT-2,Jennifer
06/02/26,Morning,GTBank,Mastercard,10400,MS-2,Naomi
06/02/26,Morning,GTBank,Visa,5200,PT-1,Judith
06/02/26,Morning,Moniepoint,Visa,5000,PT-2,Jennifer
06/02/26,Afternoon,Access Bank,Afrigo,9600,MS-1,Kingsley
06/02/26,Afternoon,Access Bank,Visa,11600,MS-2,Godday
06/02/26,Night,Polaris,Mastercard,11400,MS-1,Kingsley
06/02/26,Night,GTBank,Mastercard,8900,MS-2,Naomi
06/02/26,Night,Access Bank,Afrigo,3100,PT-1,Godday
09/02/26,Morning,Zenith Bank,Verve,6900,MS-1,Godday
09/02/26,Morning,Polaris,Afrigo,7400,MS-2,Judith
09/02/26,Morning,Access Bank,Visa,6900,PT-1,Naomi
09/02/26,Afternoon,Opay,Afrigo,9300,MS-2,Naomi
09/02/26,Afternoon,Opay,Visa,7900,PT-1,Jennifer
09/02/26,Afternoon,Moniepoint,Verve,6400,PT-2,Judith
09/02/26,Night,Zenith Bank,Visa,6800,MS-1,Kingsley
09/02/26,Night,Zenith Bank,Verve,7600,MS-2,Godday
09/02/26,Night,GTBank,Visa,5800,PT-1,Judith
10/02/26,Morning,Polaris,Verve,6200,MS-1,Judith
10/02/26,Morning,Zenith Bank,Visa,9500,MS-2,Jennifer
10/02/26,Morning,Opay,Visa,7100,PT-1,Kingsley
10/02/26,Morning,Opay,Visa,6900,PT-2,Godday
10/02/26,Afternoon,Access Bank,Verve,8900,MS-1,Jennifer
10/02/26,Afternoon,Polaris,Verve,7200,MS-2,Kingsley
10/02/26,Afternoon,GTBank,Mastercard,5100,PT-1,Judith
10/02/26,Afternoon,Access Bank,Verve,4900,PT-2,Naomi
10/02/26,Night,Moniepoint,Visa,11000,MS-1,Naomi
10/02/26,Night,GTBank,Mastercard,4900,PT-1,Kingsley
11/02/26,Morning,Moniepoint,Visa,8100,MS-1,Jennifer
11/02/26,Morning,Polaris,Visa,7300,MS-2,Kingsley
11/02/26,Morning,Moniepoint,Mastercard,5200,PT-1,Judith
11/02/26,Morning,Moniepoint,Verve,8000,PT-2,Godday
11/02/26,Afternoon,Moniepoint,Visa,11300,MS-1,Kingsley
11/02/26,Afternoon,Access Bank,Visa,8000,PT-1,Jennifer
11/02/26,Afternoon,Access Bank,Verve,6100,PT-2,Naomi
12/02/26,Morning,Moniepoint,Visa,9800,MS-1,Kingsley
12/02/26,Morning,Opay,Verve,11800,MS-2,Naomi
12/02/26,Morning,Moniepoint,Verve,4000,PT-1,Godday
12/02/26,Morning,Moniepoint,Visa,5100,PT-2,Jennifer
12/02/26,Afternoon,Opay,Verve,7900,MS-1,Godday
12/02/26,Afternoon,Polaris,Verve,6000,PT-2,Naomi
12/02/26,Night,GTBank,Verve,5400,PT-2,Naomi
13/02/26,Morning,GTBank,Visa,6300,MS-1,Jennifer
13/02/26,Morning,Polaris,Visa,7600,PT-1,Naomi
13/02/26,Morning,Zenith Bank,Verve,5400,PT-2,Judith
13/02/26,Afternoon,Moniepoint,Afrigo,8200,MS-1,Godday
13/02/26,Afternoon,Zenith Bank,Afrigo,11000,MS-2,Jennifer
13/02/26,Afternoon,Access Bank,Verve,3600,PT-1,Naomi
13/02/26,Night,Opay,Mastercard,3800,PT-2,Godday
16/02/26,Morning,Polaris,Mastercard,6300,MS-1,Naomi
16/02/26,Morning,Opay,Afrigo,9800,MS-2,Godday
16/02/26,Morning,Access Bank,Verve,5900,PT-1,Jennifer
16/02/26,Morning,Access Bank,Verve,3100,PT-2,Judith
16/02/26,Afternoon,GTBank,Verve,10500,MS-1,Kingsley
16/02/26,Afternoon,Opay,Afrigo,9800,MS-2,Naomi
16/02/26,Afternoon,GTBank,Mastercard,4100,PT-1,Jennifer
16/02/26,Afternoon,Polaris,Afrigo,4600,PT-2,Godday
16/02/26,Night,Moniepoint,Afrigo,4500,PT-1,Judith
17/02/26,Morning,GTBank,Mastercard,10400,MS-1,Naomi
17/02/26,Morning,Opay,Mastercard,4900,PT-1,Godday
17/02/26,Afternoon,Moniepoint,Visa,9200,MS-2,Godday
17/02/26,Night,Moniepoint,Visa,3600,PT-2,Jennifer
18/02/26,Morning,Access Bank,Verve,7600,MS-1,Jennifer
18/02/26,Morning,Zenith Bank,Afrigo,10400,MS-2,Naomi
18/02/26,Morning,Opay,Verve,5600,PT-1,Godday
18/02/26,Afternoon,GTBank,Afrigo,6400,MS-1,Naomi
18/02/26,Afternoon,Moniepoint,Visa,11600,MS-2,Judith
18/02/26,Afternoon,Access Bank,Visa,3500,PT-1,Kingsley
18/02/26,Afternoon,Zenith Bank,Mastercard,6000,PT-2,Godday
18/02/26,Night,GTBank,Verve,11200,MS-1,Judith
19/02/26,Morning,Zenith Bank,Visa,9300,MS-1,Jennifer
19/02/26,Morning,Opay,Mastercard,7000,MS-2,Naomi
19/02/26,Morning,Moniepoint,Verve,5000,PT-1,Godday
19/02/26,Morning,Access Bank,Afrigo,4700,PT-2,Judith
19/02/26,Afternoon,Polaris,Visa,11300,MS-1,Jennifer
19/02/26,Afternoon,Polaris,Afrigo,11700,MS-2,Judith
19/02/26,Afternoon,GTBank,Mastercard,4500,PT-2,Godday
19/02/26,Night,Access Bank,Mastercard,7800,MS-1,Judith
19/02/26,Night,GTBank,Visa,8100,MS-2,Godday
19/02/26,Night,Moniepoint,Afrigo,5700,PT-1,Jennifer
19/02/26,Night,GTBank,Verve,4600,PT-2,Naomi
20/02/26,Morning,Access Bank,Visa,6400,MS-1,Godday
20/02/26,Morning,Moniepoint,Mastercard,11700,MS-2,Kingsley
20/02/26,Morning,Opay,Verve,5300,PT-1,Judith
20/02/26,Morning,Access Bank,Mastercard,3600,PT-2,Naomi
20/02/26,Afternoon,Opay,Verve,5300,PT-1,Judith
20/02/26,Night,Moniepoint,Mastercard,6100,MS-1,Kingsley
20/02/26,Night,Zenith Bank,Mastercard,7400,MS-2,Naomi
20/02/26,Night,GTBank,Mastercard,6900,PT-2,Jennifer
23/02/26,Morning,Moniepoint,Mastercard,9300,MS-1,Jennifer
23/02/26,Morning,Opay,Afrigo,6200,PT-1,Godday
23/02/26,Afternoon,Opay,Verve,11900,MS-2,Jennifer
23/02/26,Afternoon,Opay,Mastercard,4100,PT-1,Naomi
23/02/26,Afternoon,Opay,Verve,7000,PT-2,Judith
23/02/26,Night,Polaris,Visa,7600,MS-1,Jennifer
23/02/26,Night,Polaris,Verve,9100,MS-2,Godday
23/02/26,Night,Access Bank,Verve,4600,PT-2,Kingsley
24/02/26,Morning,Opay,Verve,8500,MS-1,Naomi
24/02/26,Morning,Access Bank,Afrigo,8900,MS-2,Jennifer
24/02/26,Morning,Opay,Verve,3000,PT-1,Godday
24/02/26,Morning,Polaris,Verve,5000,PT-2,Kingsley
24/02/26,Afternoon,Moniepoint,Afrigo,9200,MS-1,Godday
24/02/26,Afternoon,Polaris,Visa,3700,PT-1,Jennifer
24/02/26,Afternoon,Access Bank,Visa,3800,PT-2,Judith
24/02/26,Night,Access Bank,Visa,6300,MS-1,Jennifer
24/02/26,Night,GTBank,Verve,7200,MS-2,Naomi
24/02/26,Night,GTBank,Visa,6900,PT-2,Judith
25/02/26,Morning,Zenith Bank,Afrigo,7600,MS-1,Naomi
25/02/26,Morning,Access Bank,Verve,7100,MS-2,Godday
25/02/26,Morning,Access Bank,Verve,7200,PT-1,Jennifer
25/02/26,Morning,Access Bank,Verve,6000,PT-2,Kingsley
25/02/26,Afternoon,Moniepoint,Visa,6200,MS-1,Naomi
25/02/26,Afternoon,Zenith Bank,Visa,9900,MS-2,Jennifer
25/02/26,Night,Polaris,Mastercard,6800,MS-2,Judith
25/02/26,Night,Access Bank,Visa,6400,PT-2,Naomi
26/02/26,Morning,Polaris,Mastercard,10500,MS-1,Naomi
26/02/26,Morning,Zenith Bank,Verve,7100,MS-2,Judith
26/02/26,Afternoon,Polaris,Visa,9200,MS-1,Godday
26/02/26,Afternoon,Polaris,Afrigo,10700,MS-2,Judith
26/02/26,Afternoon,Opay,Afrigo,3100,PT-2,Naomi
27/02/26,Morning,Access Bank,Verve,11600,MS-1,Judith
27/02/26,Morning,GTBank,Mastercard,6400,MS-2,Godday
27/02/26,Morning,Access Bank,Verve,4000,PT-1,Kingsley
27/02/26,Morning,GTBank,Visa,3100,PT-2,Jennifer
27/02/26,Afternoon,Moniepoint,Afrigo,9100,MS-1,Jennifer
27/02/26,Afternoon,GTBank,Mastercard,9600,MS-2,Godday
27/02/26,Afternoon,Zenith Bank,Afrigo,6900,PT-1,Naomi
27/02/26,Afternoon,GTBank,Afrigo,6800,PT-2,Kingsley
27/02/26,Night,Opay,Afrigo,6800,MS-1,Naomi
27/02/26,Night,Polaris,Mastercard,9300,MS-2,Judith
27/02/26,Night,Opay,Visa,3300,PT-2,Kingsley
02/03/26,Morning,Moniepoint,Afrigo,8100,MS-1,Naomi
02/03/26,Morning,Polaris,Afrigo,10000,MS-2,Judith
02/03/26,Morning,Moniepoint,Visa,5600,PT-1,Kingsley
02/03/26,Afternoon,Opay,Verve,9600,MS-2,Kingsley
02/03/26,Afternoon,Polaris,Visa,3600,PT-1,Jennifer
02/03/26,Night,Polaris,Mastercard,4900,PT-2,Jennifer
03/03/26,Morning,Opay,Mastercard,8100,MS-1,Jennifer
03/03/26,Morning,Polaris,Verve,9200,MS-2,Judith
03/03/26,Morning,Opay,Verve,4600,PT-1,Kingsley
03/03/26,Morning,Zenith Bank,Verve,4200,PT-2,Naomi
03/03/26,Afternoon,Opay,Verve,8200,MS-1,Jennifer
03/03/26,Afternoon,GTBank,Afrigo,10900,MS-2,Kingsley
03/03/26,Afternoon,Zenith Bank,Mastercard,4000,PT-1,Judith
03/03/26,Night,Polaris,Afrigo,7200,PT-1,Naomi
04/03/26,Morning,Polaris,Afrigo,7400,MS-1,Godday
04/03/26,Morning,Polaris,Visa,7700,MS-2,Jennifer
04/03/26,Morning,Access Bank,Visa,7000,PT-2,Kingsley
04/03/26,Afternoon,Moniepoint,Afrigo,8100,MS-1,Godday
04/03/26,Afternoon,Polaris,Visa,9500,MS-2,Kingsley
04/03/26,Afternoon,Moniepoint,Verve,4300,PT-1,Naomi
04/03/26,Afternoon,GTBank,Visa,5500,PT-2,Judith
04/03/26,Night,GTBank,Afrigo,9200,MS-1,Judith
04/03/26,Night,Zenith Bank,Verve,6000,PT-1,Jennifer
04/03/26,Night,Moniepoint,Verve,5300,PT-2,Naomi
05/03/26,Morning,Zenith Bank,Afrigo,7900,MS-1,Jennifer
05/03/26,Morning,Polaris,Visa,11500,MS-2,Kingsley
05/03/26,Morning,GTBank,Afrigo,6200,PT-1,Godday
05/03/26,Morning,GTBank,Visa,6800,PT-2,Judith
05/03/26,Afternoon,GTBank,Mastercard,6400,MS-1,Kingsley
05/03/26,Afternoon,Polaris,Visa,7500,MS-2,Naomi
05/03/26,Afternoon,Opay,Mastercard,6400,PT-2,Godday
06/03/26,Morning,Access Bank,Mastercard,10500,MS-1,Naomi
06/03/26,Morning,Opay,Visa,10600,MS-2,Judith
06/03/26,Morning,GTBank,Afrigo,3400,PT-1,Godday
06/03/26,Morning,Zenith Bank,Afrigo,7700,PT-2,Jennifer
06/03/26,Afternoon,Moniepoint,Afrigo,11900,MS-1,Judith
06/03/26,Afternoon,Zenith Bank,Visa,3700,PT-1,Naomi
06/03/26,Afternoon,Opay,Verve,3200,PT-2,Kingsley
06/03/26,Night,Opay,Afrigo,7200,PT-2,Jennifer
09/03/26,Morning,Polaris,Mastercard,8600,MS-2,Jennifer
09/03/26,Morning,Polaris,Visa,7200,PT-1,Judith
09/03/26,Morning,Polaris,Verve,6100,PT-2,Kingsley
09/03/26,Afternoon,Access Bank,Mastercard,6500,PT-1,Jennifer
09/03/26,Afternoon,Access Bank,Mastercard,4700,PT-2,Judith
09/03/26,Night,Polaris,Verve,8300,MS-1,Judith
09/03/26,Night,Opay,Mastercard,7800,MS-2,Naomi
09/03/26,Night,Moniepoint,Mastercard,6600,PT-1,Kingsley
10/03/26,Morning,Polaris,Afrigo,7400,MS-1,Kingsley
10/03/26,Morning,Opay,Afrigo,12000,MS-2,Godday
10/03/26,Morning,Access Bank,Visa,7200,PT-1,Jennifer
10/03/26,Morning,Access Bank,Afrigo,4400,PT-2,Naomi
10/03/26,Afternoon,Moniepoint,Visa,6700,MS-1,Jennifer
10/03/26,Afternoon,Moniepoint,Verve,11500,MS-2,Godday
10/03/26,Afternoon,Polaris,Mastercard,4200,PT-1,Kingsley
10/03/26,Night,GTBank,Afrigo,9800,MS-2,Kingsley
10/03/26,Night,Opay,Visa,6300,PT-1,Judith
10/03/26,Night,Polaris,Mastercard,5700,PT-2,Naomi
11/03/26,Morning,Opay,Verve,8400,MS-1,Kingsley
11/03/26,Morning,Moniepoint,Mastercard,6400,PT-1,Naomi
11/03/26,Morning,Opay,Visa,6000,PT-2,Jennifer
11/03/26,Afternoon,Access Bank,Mastercard,11800,MS-2,Jennifer
11/03/26,Afternoon,GTBank,Mastercard,3900,PT-1,Naomi
11/03/26,Night,Opay,Mastercard,6500,PT-2,Godday
12/03/26,Morning,GTBank,Mastercard,11300,MS-1,Godday
12/03/26,Morning,Zenith Bank,Visa,6500,MS-2,Judith
12/03/26,Morning,Opay,Verve,3500,PT-1,Kingsley
12/03/26,Morning,Opay,Mastercard,5300,PT-2,Jennifer
12/03/26,Afternoon,Zenith Bank,Afrigo,11100,MS-2,Kingsley
12/03/26,Afternoon,Zenith Bank,Afrigo,3600,PT-1,Judith
12/03/26,Afternoon,Opay,Afrigo,5900,PT-2,Godday
12/03/26,Night,GTBank,Verve,8300,MS-1,Godday
12/03/26,Night,GTBank,Mastercard,5000,PT-1,Jennifer
13/03/26,Morning,Access Bank,Visa,10600,MS-2,Godday
13/03/26,Morning,Moniepoint,Verve,6400,PT-1,Naomi
13/03/26,Morning,GTBank,Mastercard,5400,PT-2,Kingsley
13/03/26,Afternoon,Moniepoint,Verve,9100,MS-1,Jennifer
13/03/26,Afternoon,Moniepoint,Mastercard,10300,MS-2,Kingsley
13/03/26,Afternoon,Moniepoint,Visa,4100,PT-1,Judith
13/03/26,Night,GTBank,Visa,11800,MS-2,Judith
13/03/26,Night,Polaris,Mastercard,3200,PT-1,Jennifer
16/03/26,Morning,Polaris,Visa,11300,MS-1,Kingsley
16/03/26,Morning,Access Bank,Verve,11300,MS-2,Jennifer
16/03/26,Morning,Moniepoint,Afrigo,5000,PT-1,Godday
16/03/26,Morning,Opay,Visa,3700,PT-2,Naomi
16/03/26,Afternoon,Polaris,Visa,11300,MS-2,Judith
16/03/26,Afternoon,GTBank,Verve,7400,PT-1,Naomi
16/03/26,Afternoon,Opay,Mastercard,5200,PT-2,Godday
16/03/26,Night,GTBank,Mastercard,9500,MS-1,Kingsley
16/03/26,Night,Polaris,Verve,8200,MS-2,Jennifer
16/03/26,Night,Polaris,Mastercard,5300,PT-1,Godday
17/03/26,Morning,Access Bank,Verve,10100,MS-1,Judith
17/03/26,Morning,Polaris,Mastercard,6200,PT-1,Kingsley
17/03/26,Morning,Access Bank,Mastercard,3600,PT-2,Godday
17/03/26,Afternoon,GTBank,Mastercard,7100,MS-1,Godday
17/03/26,Afternoon,Zenith Bank,Mastercard,10500,MS-2,Kingsley
17/03/26,Night,Opay,Visa,9100,MS-1,Naomi
17/03/26,Night,GTBank,Visa,10200,MS-2,Judith
17/03/26,Night,Moniepoint,Visa,4000,PT-1,Kingsley
18/03/26,Morning,Access Bank,Visa,6100,MS-1,Kingsley
18/03/26,Morning,Zenith Bank,Mastercard,8900,MS-2,Judith
18/03/26,Morning,Moniepoint,Afrigo,6400,PT-2,Godday
18/03/26,Afternoon,Polaris,Mastercard,8500,MS-1,Godday
18/03/26,Afternoon,GTBank,Visa,6600,MS-2,Jennifer
18/03/26,Afternoon,Access Bank,Visa,5100,PT-2,Naomi
18/03/26,Night,Opay,Verve,7600,PT-1,Godday
18/03/26,Night,Opay,Visa,4400,PT-2,Naomi
19/03/26,Morning,GTBank,Verve,9900,MS-2,Kingsley
19/03/26,Morning,Access Bank,Visa,7200,PT-1,Jennifer
19/03/26,Morning,Moniepoint,Mastercard,5900,PT-2,Godday
19/03/26,Afternoon,Polaris,Afrigo,7200,MS-1,Judith
19/03/26,Afternoon,Access Bank,Verve,9900,MS-2,Godday
19/03/26,Afternoon,Moniepoint,Mastercard,4000,PT-1,Kingsley
19/03/26,Night,Zenith Bank,Visa,7500,MS-2,Kingsley
19/03/26,Night,Access Bank,Visa,6900,PT-1,Godday
19/03/26,Night,Zenith Bank,Mastercard,7000,PT-2,Judith
20/03/26,Morning,Polaris,Visa,9900,MS-1,Godday
20/03/26,Morning,Opay,Afrigo,4400,PT-1,Kingsley
20/03/26,Morning,Zenith Bank,Visa,5200,PT-2,Naomi
20/03/26,Afternoon,Polaris,Afrigo,8500,MS-1,Jennifer
20/03/26,Afternoon,Polaris,Verve,5500,PT-1,Judith
20/03/26,Afternoon,Polaris,Afrigo,5800,PT-2,Godday
23/03/26,Morning,Moniepoint,Verve,8700,MS-2,Kingsley
23/03/26,Morning,GTBank,Visa,6200,PT-1,Judith
23/03/26,Morning,Polaris,Visa,3600,PT-2,Godday
23/03/26,Afternoon,Access Bank,Mastercard,6600,MS-2,Kingsley
23/03/26,Afternoon,Opay,Visa,4500,PT-2,Godday
23/03/26,Night,Zenith Bank,Verve,7500,MS-1,Godday
23/03/26,Night,Access Bank,Verve,3400,PT-2,Kingsley
24/03/26,Morning,Opay,Mastercard,8800,MS-2,Kingsley
24/03/26,Morning,Opay,Afrigo,3400,PT-1,Naomi
24/03/26,Morning,Opay,Verve,6700,PT-2,Godday
24/03/26,Afternoon,Zenith Bank,Afrigo,7700,MS-1,Kingsley
24/03/26,Afternoon,Moniepoint,Afrigo,3400,PT-1,Judith
24/03/26,Afternoon,Polaris,Afrigo,6300,PT-2,Jennifer
24/03/26,Night,Polaris,Afrigo,7900,MS-2,Naomi
25/03/26,Morning,Access Bank,Verve,11100,MS-1,Naomi
25/03/26,Morning,Polaris,Afrigo,9600,MS-2,Jennifer
25/03/26,Morning,Moniepoint,Mastercard,4900,PT-1,Kingsley
25/03/26,Afternoon,Access Bank,Mastercard,8500,MS-2,Kingsley
25/03/26,Night,GTBank,Afrigo,11000,MS-2,Kingsley
26/03/26,Morning,Zenith Bank,Afrigo,11800,MS-2,Judith
26/03/26,Morning,Access Bank,Verve,4600,PT-2,Jennifer
26/03/26,Afternoon,Moniepoint,Visa,10300,MS-1,Kingsley
26/03/26,Afternoon,Access Bank,Verve,8700,MS-2,Godday
26/03/26,Afternoon,Zenith Bank,Verve,7500,PT-1,Judith
26/03/26,Afternoon,Polaris,Visa,6300,PT-2,Jennifer
26/03/26,Night,Access Bank,Mastercard,11700,MS-1,Godday
26/03/26,Night,Polaris,Visa,6300,MS-2,Kingsley
27/03/26,Morning,Access Bank,Afrigo,7100,MS-1,Jennifer
27/03/26,Morning,Access Bank,Mastercard,8300,MS-2,Judith
27/03/26,Morning,Moniepoint,Afrigo,7000,PT-1,Naomi
27/03/26,Morning,Moniepoint,Afrigo,6400,PT-2,Godday
27/03/26,Afternoon,Polaris,Visa,6700,MS-1,Kingsley
27/03/26,Afternoon,Moniepoint,Afrigo,4400,PT-1,Jennifer
27/03/26,Afternoon,Moniepoint,Verve,5600,PT-2,Godday
27/03/26,Night,Moniepoint,Afrigo,9300,MS-1,Judith
27/03/26,Night,Opay,Mastercard,10600,MS-2,Naomi
27/03/26,Night,Zenith Bank,Verve,7300,PT-2,Kingsley
30/03/26,Morning,GTBank,Verve,9700,MS-2,Godday
30/03/26,Morning,Access Bank,Verve,7900,PT-1,Naomi
30/03/26,Morning,Opay,Afrigo,3700,PT-2,Jennifer
30/03/26,Afternoon,Access Bank,Visa,10000,MS-1,Jennifer
30/03/26,Afternoon,Access Bank,Mastercard,8200,MS-2,Naomi
30/03/26,Night,GTBank,Verve,6800,PT-2,Judith
31/03/26,Morning,Moniepoint,Visa,11800,MS-1,Kingsley
31/03/26,Morning,Access Bank,Verve,7500,MS-2,Godday
31/03/26,Morning,Access Bank,Afrigo,6600,PT-1,Jennifer
31/03/26,Morning,Moniepoint,Mastercard,6800,PT-2,Judith
31/03/26,Afternoon,Access Bank,Mastercard,11500,MS-1,Godday
31/03/26,Afternoon,Polaris,Visa,11500,MS-2,Naomi
31/03/26,Afternoon,Access Bank,Afrigo,3100,PT-1,Kingsley
31/03/26,Afternoon,Moniepoint,Mastercard,6200,PT-2,Jennifer
31/03/26,Night,Opay,Visa,10400,MS-1,Godday
31/03/26,Night,Polaris,Verve,5600,PT-1,Naomi
01/04/26,Morning,Polaris,Verve,9400,MS-1,Jennifer
01/04/26,Morning,Zenith Bank,Visa,6200,MS-2,Kingsley
01/04/26,Morning,Access Bank,Mastercard,5100,PT-2,Naomi
01/04/26,Afternoon,Access Bank,Visa,8900,MS-1,Jennifer
01/04/26,Afternoon,Opay,Afrigo,10100,MS-2,Judith
01/04/26,Afternoon,Zenith Bank,Afrigo,6100,PT-2,Naomi
01/04/26,Night,Access Bank,Afrigo,12000,MS-1,Jennifer
01/04/26,Night,Access Bank,Verve,6400,MS-2,Judith
01/04/26,Night,Opay,Afrigo,3500,PT-2,Godday
02/04/26,Morning,Access Bank,Visa,9200,MS-1,Naomi
02/04/26,Morning,Access Bank,Visa,6600,MS-2,Judith
02/04/26,Morning,Access Bank,Visa,4600,PT-1,Jennifer
02/04/26,Morning,Opay,Visa,5200,PT-2,Godday
02/04/26,Afternoon,Access Bank,Visa,8400,MS-1,Jennifer
02/04/26,Afternoon,GTBank,Visa,4300,PT-1,Godday
02/04/26,Afternoon,Polaris,Mastercard,5900,PT-2,Kingsley
02/04/26,Night,Zenith Bank,Verve,7100,PT-1,Naomi
02/04/26,Night,GTBank,Afrigo,6400,PT-2,Kingsley
03/04/26,Morning,GTBank,Visa,8100,MS-1,Kingsley
03/04/26,Morning,Moniepoint,Verve,7200,MS-2,Godday
03/04/26,Afternoon,Moniepoint,Verve,11700,MS-1,Godday
03/04/26,Afternoon,GTBank,Verve,8400,MS-2,Judith
03/04/26,Afternoon,Access Bank,Verve,7300,PT-1,Naomi
03/04/26,Afternoon,Access Bank,Visa,3700,PT-2,Jennifer
03/04/26,Night,Zenith Bank,Visa,7800,PT-1,Naomi
06/04/26,Morning,Polaris,Verve,11400,MS-1,Godday
06/04/26,Morning,Access Bank,Verve,9700,MS-2,Kingsley
06/04/26,Morning,GTBank,Visa,5400,PT-1,Judith
06/04/26,Afternoon,Polaris,Mastercard,6200,MS-1,Kingsley
06/04/26,Afternoon,Zenith Bank,Mastercard,7900,MS-2,Naomi
06/04/26,Afternoon,Moniepoint,Verve,7700,PT-1,Jennifer
06/04/26,Afternoon,Access Bank,Visa,3400,PT-2,Judith
06/04/26,Night,Access Bank,Afrigo,10900,MS-1,Godday
06/04/26,Night,GTBank,Mastercard,9200,MS-2,Jennifer
07/04/26,Morning,Opay,Mastercard,10100,MS-1,Godday
07/04/26,Morning,Opay,Verve,4900,PT-1,Jennifer
07/04/26,Afternoon,Opay,Verve,5900,PT-1,Kingsley
07/04/26,Afternoon,Opay,Afrigo,7000,PT-2,Godday
08/04/26,Morning,Opay,Afrigo,7600,MS-1,Jennifer
08/04/26,Morning,Polaris,Verve,11000,MS-2,Naomi
08/04/26,Morning,Zenith Bank,Afrigo,3500,PT-1,Judith
08/04/26,Morning,Access Bank,Mastercard,5200,PT-2,Kingsley
08/04/26,Afternoon,Access Bank,Afrigo,10400,MS-2,Godday
08/04/26,Afternoon,Zenith Bank,Visa,4400,PT-2,Judith
08/04/26,Night,GTBank,Verve,8200,MS-1,Jennifer
08/04/26,Night,Moniepoint,Afrigo,7500,MS-2,Judith
08/04/26,Night,Access Bank,Visa,3100,PT-2,Naomi
09/04/26,Morning,Opay,Afrigo,6100,MS-1,Jennifer
09/04/26,Morning,Zenith Bank,Mastercard,8700,MS-2,Judith
09/04/26,Morning,GTBank,Afrigo,4200,PT-1,Godday
09/04/26,Morning,GTBank,Afrigo,5700,PT-2,Kingsley
09/04/26,Afternoon,Access Bank,Mastercard,9700,MS-2,Jennifer
09/04/26,Afternoon,Access Bank,Verve,4000,PT-1,Kingsley
09/04/26,Night,Zenith Bank,Verve,7000,MS-2,Jennifer
09/04/26,Night,Moniepoint,Visa,4400,PT-2,Godday
10/04/26,Morning,Polaris,Visa,6800,MS-1,Naomi
10/04/26,Morning,Access Bank,Afrigo,7700,MS-2,Godday
10/04/26,Morning,GTBank,Afrigo,7400,PT-2,Kingsley
10/04/26,Afternoon,Polaris,Verve,8300,MS-1,Naomi
10/04/26,Afternoon,Polaris,Verve,7900,MS-2,Godday
10/04/26,Afternoon,Moniepoint,Visa,6900,PT-1,Judith
10/04/26,Afternoon,Polaris,Verve,3100,PT-2,Kingsley
13/04/26,Morning,Polaris,Verve,10900,MS-1,Naomi
13/04/26,Morning,Moniepoint,Mastercard,7200,MS-2,Judith
13/04/26,Morning,Opay,Verve,3700,PT-1,Jennifer
13/04/26,Morning,Opay,Visa,7200,PT-2,Godday
13/04/26,Afternoon,Polaris,Verve,9500,MS-1,Jennifer
13/04/26,Afternoon,Opay,Verve,7500,MS-2,Kingsley
13/04/26,Afternoon,Zenith Bank,Verve,3900,PT-1,Godday
13/04/26,Afternoon,Access Bank,Mastercard,5300,PT-2,Judith
13/04/26,Night,GTBank,Mastercard,10000,MS-1,Jennifer
14/04/26,Morning,Polaris,Mastercard,11100,MS-1,Naomi
14/04/26,Morning,Opay,Verve,10800,MS-2,Godday
14/04/26,Morning,Opay,Visa,3200,PT-1,Kingsley
14/04/26,Morning,Opay,Mastercard,6900,PT-2,Judith
14/04/26,Afternoon,GTBank,Verve,8800,MS-1,Kingsley
14/04/26,Afternoon,Zenith Bank,Afrigo,8800,MS-2,Jennifer
14/04/26,Afternoon,Zenith Bank,Verve,3500,PT-1,Godday
14/04/26,Afternoon,GTBank,Verve,7800,PT-2,Judith
14/04/26,Night,Moniepoint,Afrigo,6000,MS-2,Kingsley
14/04/26,Night,Polaris,Mastercard,3300,PT-1,Judith
14/04/26,Night,Access Bank,Visa,5300,PT-2,Naomi
15/04/26,Morning,Polaris,Visa,8700,MS-1,Jennifer
15/04/26,Morning,Access Bank,Afrigo,11600,MS-2,Kingsley
15/04/26,Morning,Zenith Bank,Verve,3500,PT-1,Naomi
15/04/26,Afternoon,Zenith Bank,Verve,11900,MS-1,Godday
15/04/26,Afternoon,Zenith Bank,Verve,8800,MS-2,Jennifer
15/04/26,Afternoon,Zenith Bank,Afrigo,7100,PT-1,Naomi
15/04/26,Afternoon,GTBank,Verve,3100,PT-2,Judith
15/04/26,Night,Moniepoint,Mastercard,10800,MS-1,Godday
15/04/26,Night,GTBank,Mastercard,10600,MS-2,Naomi
16/04/26,Morning,Opay,Afrigo,10700,MS-2,Godday
16/04/26,Morning,Opay,Verve,4300,PT-1,Jennifer
16/04/26,Morning,Access Bank,Mastercard,5200,PT-2,Judith
16/04/26,Afternoon,Access Bank,Verve,7800,MS-1,Godday
16/04/26,Afternoon,Polaris,Mastercard,10900,MS-2,Judith
16/04/26,Afternoon,Zenith Bank,Visa,5900,PT-1,Jennifer
16/04/26,Afternoon,Zenith Bank,Visa,7000,PT-2,Naomi
16/04/26,Night,Polaris,Afrigo,6900,MS-2,Judith
16/04/26,Night,Zenith Bank,Verve,7100,PT-1,Kingsley
17/04/26,Morning,Moniepoint,Mastercard,3400,PT-1,Judith
17/04/26,Afternoon,Moniepoint,Afrigo,8700,MS-1,Godday
17/04/26,Afternoon,Polaris,Visa,8800,MS-2,Kingsley
17/04/26,Afternoon,Opay,Visa,6800,PT-2,Naomi
17/04/26,Night,Moniepoint,Afrigo,10200,MS-1,Kingsley
17/04/26,Night,Opay,Mastercard,7700,PT-1,Jennifer
20/04/26,Morning,Moniepoint,Verve,7400,MS-1,Kingsley
20/04/26,Morning,Polaris,Verve,7300,PT-1,Jennifer
20/04/26,Morning,Zenith Bank,Mastercard,6500,PT-2,Godday
20/04/26,Afternoon,Moniepoint,Visa,7200,MS-1,Godday
20/04/26,Afternoon,Zenith Bank,Visa,10100,MS-2,Kingsley
20/04/26,Afternoon,Moniepoint,Visa,4000,PT-1,Naomi
20/04/26,Night,Access Bank,Mastercard,6100,MS-1,Jennifer
20/04/26,Night,Moniepoint,Afrigo,9300,MS-2,Judith
20/04/26,Night,Moniepoint,Verve,6600,PT-1,Godday
21/04/26,Morning,GTBank,Visa,8600,MS-1,Naomi
21/04/26,Morning,GTBank,Afrigo,7600,MS-2,Judith
21/04/26,Morning,Access Bank,Visa,7300,PT-1,Godday
21/04/26,Morning,Moniepoint,Afrigo,5300,PT-2,Jennifer
21/04/26,Afternoon,Opay,Afrigo,5100,PT-1,Judith
22/04/26,Morning,Opay,Afrigo,6800,MS-1,Naomi
22/04/26,Morning,Access Bank,Mastercard,11200,MS-2,Judith
22/04/26,Morning,Access Bank,Verve,3400,PT-1,Kingsley
22/04/26,Afternoon,Moniepoint,Mastercard,11300,MS-2,Kingsley
22/04/26,Afternoon,Polaris,Afrigo,7300,PT-1,Judith
22/04/26,Afternoon,Moniepoint,Afrigo,8000,PT-2,Naomi
22/04/26,Night,Access Bank,Afrigo,6800,MS-1,Godday
22/04/26,Night,Opay,Mastercard,3800,PT-2,Naomi
23/04/26,Morning,Moniepoint,Afrigo,6700,MS-1,Godday
23/04/26,Morning,Access Bank,Afrigo,6700,MS-2,Judith
23/04/26,Morning,Moniepoint,Mastercard,6400,PT-2,Naomi
23/04/26,Afternoon,GTBank,Visa,8800,MS-1,Naomi
23/04/26,Afternoon,Moniepoint,Visa,7200,MS-2,Kingsley
23/04/26,Afternoon,Opay,Mastercard,5700,PT-2,Judith
23/04/26,Night,Moniepoint,Afrigo,4100,PT-1,Judith
24/04/26,Morning,Zenith Bank,Visa,8500,MS-1,Godday
24/04/26,Morning,Zenith Bank,Mastercard,6100,MS-2,Kingsley
24/04/26,Morning,Access Bank,Verve,4700,PT-1,Judith
24/04/26,Morning,Moniepoint,Afrigo,5500,PT-2,Naomi
24/04/26,Afternoon,GTBank,Verve,6400,MS-1,Judith
24/04/26,Afternoon,Access Bank,Mastercard,7000,MS-2,Naomi
24/04/26,Afternoon,Access Bank,Afrigo,5900,PT-2,Kingsley
24/04/26,Night,GTBank,Verve,7100,MS-2,Naomi
24/04/26,Night,Opay,Visa,5200,PT-1,Jennifer
24/04/26,Night,Opay,Visa,3700,PT-2,Kingsley
27/04/26,Morning,Moniepoint,Verve,8100,MS-1,Kingsley
27/04/26,Morning,Zenith Bank,Afrigo,10900,MS-2,Jennifer
27/04/26,Morning,Polaris,Verve,7600,PT-1,Judith
27/04/26,Morning,Polaris,Mastercard,3700,PT-2,Godday
27/04/26,Afternoon,Opay,Visa,6600,MS-1,Kingsley
27/04/26,Afternoon,GTBank,Visa,8200,MS-2,Naomi
27/04/26,Afternoon,Access Bank,Visa,7200,PT-1,Godday
27/04/26,Afternoon,Polaris,Verve,7300,PT-2,Judith
27/04/26,Night,Moniepoint,Mastercard,7900,MS-2,Jennifer
28/04/26,Morning,Access Bank,Mastercard,6100,MS-2,Godday
28/04/26,Morning,Moniepoint,Mastercard,5200,PT-1,Jennifer
28/04/26,Morning,Moniepoint,Afrigo,3100,PT-2,Judith
28/04/26,Afternoon,Polaris,Mastercard,6900,MS-1,Naomi
28/04/26,Afternoon,Zenith Bank,Mastercard,9900,MS-2,Jennifer
28/04/26,Afternoon,GTBank,Visa,7700,PT-1,Judith
28/04/26,Afternoon,Zenith Bank,Mastercard,7100,PT-2,Kingsley
28/04/26,Night,Opay,Visa,10200,MS-1,Jennifer
28/04/26,Night,Moniepoint,Visa,10800,MS-2,Judith
28/04/26,Night,Zenith Bank,Verve,4900,PT-1,Kingsley
28/04/26,Night,Opay,Visa,5300,PT-2,Godday
29/04/26,Morning,Moniepoint,Visa,8700,MS-1,Jennifer
29/04/26,Morning,GTBank,Visa,8700,MS-2,Naomi
29/04/26,Morning,GTBank,Mastercard,6200,PT-1,Judith
29/04/26,Morning,Opay,Mastercard,7100,PT-2,Godday
29/04/26,Afternoon,Polaris,Visa,8000,MS-1,Naomi
29/04/26,Afternoon,Moniepoint,Visa,9300,MS-2,Kingsley
29/04/26,Afternoon,Zenith Bank,Visa,3200,PT-1,Jennifer
29/04/26,Afternoon,Moniepoint,Verve,3900,PT-2,Judith
30/04/26,Morning,Polaris,Verve,7700,MS-1,Jennifer
30/04/26,Morning,Polaris,Visa,6400,MS-2,Kingsley
30/04/26,Morning,Access Bank,Afrigo,5200,PT-1,Godday
30/04/26,Morning,Opay,Verve,4900,PT-2,Judith
30/04/26,Afternoon,Polaris,Mastercard,4900,PT-1,Godday
30/04/26,Afternoon,Zenith Bank,Afrigo,7300,PT-2,Judith
30/04/26,Night,Access Bank,Verve,7900,MS-2,Judith
01/05/26,Morning,Moniepoint,Verve,10400,MS-1,Kingsley
01/05/26,Morning,Opay,Mastercard,6000,MS-2,Judith
01/05/26,Morning,Access Bank,Afrigo,4400,PT-1,Godday
01/05/26,Morning,GTBank,Afrigo,4900,PT-2,Naomi
01/05/26,Afternoon,Moniepoint,Visa,8200,MS-1,Jennifer
01/05/26,Afternoon,Zenith Bank,Visa,6800,MS-2,Naomi
01/05/26,Afternoon,GTBank,Visa,6400,PT-2,Kingsley
01/05/26,Night,Opay,Afrigo,8100,MS-2,Kingsley
04/05/26,Morning,GTBank,Visa,11500,MS-1,Kingsley
04/05/26,Morning,Zenith Bank,Afrigo,5900,PT-1,Naomi
04/05/26,Morning,GTBank,Afrigo,7400,PT-2,Jennifer
04/05/26,Afternoon,Access Bank,Afrigo,9500,MS-2,Godday
04/05/26,Afternoon,Polaris,Visa,3400,PT-1,Judith
04/05/26,Afternoon,Opay,Verve,7000,PT-2,Kingsley
04/05/26,Night,Moniepoint,Verve,4400,PT-2,Judith
05/05/26,Morning,Access Bank,Afrigo,6800,MS-1,Jennifer
05/05/26,Morning,GTBank,Mastercard,6800,MS-2,Naomi
05/05/26,Morning,Moniepoint,Mastercard,5100,PT-1,Godday
05/05/26,Morning,GTBank,Visa,3200,PT-2,Judith
05/05/26,Afternoon,Zenith Bank,Afrigo,12000,MS-2,Godday
05/05/26,Night,Moniepoint,Verve,8600,MS-2,Kingsley
05/05/26,Night,Moniepoint,Afrigo,5200,PT-1,Judith
06/05/26,Morning,Moniepoint,Verve,7200,MS-1,Jennifer
06/05/26,Morning,GTBank,Mastercard,7700,MS-2,Naomi
06/05/26,Morning,Polaris,Verve,5400,PT-1,Kingsley
06/05/26,Afternoon,Polaris,Afrigo,10200,MS-1,Godday
06/05/26,Afternoon,Polaris,Visa,6900,PT-1,Naomi
06/05/26,Night,GTBank,Afrigo,7100,MS-1,Godday
06/05/26,Night,Polaris,Mastercard,7800,PT-1,Naomi
07/05/26,Morning,GTBank,Verve,7600,MS-1,Judith
07/05/26,Morning,Moniepoint,Verve,10500,MS-2,Kingsley
07/05/26,Morning,Moniepoint,Mastercard,5200,PT-1,Jennifer
07/05/26,Morning,Access Bank,Verve,7500,PT-2,Naomi
07/05/26,Afternoon,Opay,Visa,8600,MS-1,Naomi
07/05/26,Afternoon,Moniepoint,Verve,11900,MS-2,Jennifer
07/05/26,Afternoon,Polaris,Afrigo,3100,PT-1,Kingsley
07/05/26,Afternoon,Access Bank,Visa,6100,PT-2,Godday
07/05/26,Night,Access Bank,Mastercard,6300,MS-2,Naomi
07/05/26,Night,Moniepoint,Verve,5300,PT-1,Judith
07/05/26,Night,Access Bank,Verve,6400,PT-2,Jennifer
08/05/26,Morning,Access Bank,Verve,9600,MS-1,Godday
08/05/26,Morning,Moniepoint,Verve,7000,MS-2,Kingsley
08/05/26,Morning,Moniepoint,Verve,6500,PT-1,Jennifer
08/05/26,Morning,Opay,Afrigo,3700,PT-2,Judith
08/05/26,Afternoon,GTBank,Mastercard,8700,MS-2,Kingsley
08/05/26,Afternoon,Zenith Bank,Visa,3800,PT-1,Naomi
08/05/26,Night,Moniepoint,Afrigo,7400,MS-2,Jennifer
08/05/26,Night,GTBank,Mastercard,5100,PT-1,Judith
08/05/26,Night,Moniepoint,Visa,5700,PT-2,Kingsley
11/05/26,Morning,Polaris,Verve,8500,MS-1,Judith
11/05/26,Morning,Opay,Afrigo,8000,MS-2,Godday
11/05/26,Morning,Polaris,Mastercard,3500,PT-1,Jennifer
11/05/26,Morning,Opay,Visa,7200,PT-2,Kingsley
11/05/26,Afternoon,Zenith Bank,Visa,10600,MS-1,Godday
11/05/26,Afternoon,Access Bank,Visa,8500,MS-2,Naomi
11/05/26,Afternoon,GTBank,Verve,6900,PT-2,Kingsley
11/05/26,Night,Polaris,Verve,7100,PT-2,Kingsley
12/05/26,Afternoon,Access Bank,Visa,11300,MS-1,Naomi
12/05/26,Afternoon,Access Bank,Visa,9100,MS-2,Kingsley
12/05/26,Afternoon,Polaris,Mastercard,5100,PT-1,Godday
12/05/26,Afternoon,GTBank,Verve,3200,PT-2,Judith
12/05/26,Night,Moniepoint,Mastercard,8300,MS-1,Jennifer
12/05/26,Night,Access Bank,Mastercard,8300,MS-2,Judith
12/05/26,Night,Polaris,Afrigo,4400,PT-2,Naomi
13/05/26,Morning,Polaris,Mastercard,10000,MS-1,Kingsley
13/05/26,Morning,Zenith Bank,Afrigo,6100,MS-2,Naomi
13/05/26,Morning,Access Bank,Verve,3200,PT-1,Jennifer
13/05/26,Morning,Opay,Afrigo,6200,PT-2,Godday
13/05/26,Afternoon,Opay,Visa,9400,MS-2,Jennifer
13/05/26,Afternoon,GTBank,Mastercard,3700,PT-1,Kingsley
13/05/26,Afternoon,Moniepoint,Mastercard,4600,PT-2,Godday
14/05/26,Morning,Zenith Bank,Mastercard,8500,MS-1,Naomi
14/05/26,Morning,Access Bank,Visa,12000,MS-2,Judith
14/05/26,Morning,Opay,Afrigo,7100,PT-1,Jennifer
14/05/26,Morning,Zenith Bank,Mastercard,6200,PT-2,Kingsley
14/05/26,Afternoon,GTBank,Mastercard,6700,MS-2,Godday
14/05/26,Afternoon,Opay,Afrigo,7500,PT-2,Kingsley
14/05/26,Night,GTBank,Afrigo,11500,MS-1,Naomi
15/05/26,Morning,Zenith Bank,Mastercard,4200,PT-1,Kingsley
15/05/26,Morning,Moniepoint,Afrigo,4400,PT-2,Judith
15/05/26,Afternoon,Polaris,Mastercard,10900,MS-1,Kingsley
15/05/26,Afternoon,Opay,Mastercard,10200,MS-2,Judith
15/05/26,Afternoon,GTBank,Verve,7600,PT-1,Godday
15/05/26,Afternoon,Opay,Verve,6300,PT-2,Naomi
15/05/26,Night,GTBank,Mastercard,7200,MS-1,Judith
15/05/26,Night,Moniepoint,Visa,5100,PT-2,Godday
18/05/26,Morning,Opay,Visa,7700,MS-2,Kingsley
18/05/26,Morning,Polaris,Visa,5100,PT-1,Judith
18/05/26,Morning,Moniepoint,Afrigo,6500,PT-2,Jennifer
18/05/26,Afternoon,Opay,Mastercard,7800,MS-1,Kingsley
18/05/26,Afternoon,Moniepoint,Afrigo,10200,MS-2,Godday
18/05/26,Afternoon,Access Bank,Mastercard,6100,PT-1,Naomi
18/05/26,Afternoon,Moniepoint,Afrigo,7500,PT-2,Judith
18/05/26,Night,Polaris,Afrigo,10600,MS-2,Judith
19/05/26,Morning,Polaris,Afrigo,12000,MS-1,Jennifer
19/05/26,Morning,Opay,Verve,11600,MS-2,Godday
19/05/26,Afternoon,Opay,Mastercard,7400,MS-1,Kingsley
19/05/26,Afternoon,Opay,Verve,7600,MS-2,Judith
19/05/26,Afternoon,Access Bank,Visa,7100,PT-1,Naomi
19/05/26,Afternoon,Moniepoint,Visa,5000,PT-2,Godday
19/05/26,Night,Zenith Bank,Verve,11400,MS-2,Jennifer
19/05/26,Night,Access Bank,Verve,5700,PT-2,Naomi
20/05/26,Morning,Zenith Bank,Afrigo,8900,MS-2,Naomi
20/05/26,Afternoon,Moniepoint,Afrigo,8100,MS-1,Jennifer
20/05/26,Afternoon,Opay,Visa,7400,PT-1,Judith
20/05/26,Afternoon,Access Bank,Afrigo,3100,PT-2,Naomi
20/05/26,Night,Moniepoint,Verve,7600,MS-1,Naomi
20/05/26,Night,Moniepoint,Verve,10000,MS-2,Jennifer
20/05/26,Night,Opay,Afrigo,3500,PT-2,Judith
21/05/26,Morning,GTBank,Visa,6200,MS-1,Godday
21/05/26,Morning,Polaris,Verve,7600,PT-1,Naomi
21/05/26,Morning,Zenith Bank,Mastercard,6600,PT-2,Judith
21/05/26,Afternoon,Moniepoint,Visa,10400,MS-1,Judith
21/05/26,Afternoon,GTBank,Visa,3000,PT-2,Kingsley
21/05/26,Night,Moniepoint,Afrigo,8500,MS-1,Jennifer
21/05/26,Night,Opay,Visa,10300,MS-2,Godday
21/05/26,Night,Polaris,Mastercard,4100,PT-2,Naomi
22/05/26,Morning,Moniepoint,Mastercard,8400,MS-1,Godday
22/05/26,Morning,Opay,Mastercard,7900,MS-2,Judith
22/05/26,Morning,Access Bank,Afrigo,7000,PT-1,Kingsley
22/05/26,Morning,Moniepoint,Verve,3000,PT-2,Jennifer
22/05/26,Afternoon,Zenith Bank,Visa,8300,MS-1,Kingsley
22/05/26,Afternoon,Opay,Verve,7600,MS-2,Naomi
22/05/26,Afternoon,GTBank,Visa,5300,PT-1,Jennifer
22/05/26,Night,Access Bank,Verve,8500,MS-1,Jennifer
22/05/26,Night,Opay,Visa,6300,PT-2,Naomi
25/05/26,Morning,Polaris,Mastercard,8900,MS-1,Jennifer
25/05/26,Morning,Polaris,Visa,11000,MS-2,Kingsley
25/05/26,Morning,Moniepoint,Verve,6400,PT-1,Godday
25/05/26,Morning,GTBank,Afrigo,6800,PT-2,Judith
25/05/26,Afternoon,GTBank,Afrigo,10500,MS-1,Judith
25/05/26,Afternoon,Moniepoint,Visa,4500,PT-1,Kingsley
25/05/26,Night,Zenith Bank,Verve,4300,PT-2,Judith
26/05/26,Morning,Opay,Mastercard,9000,MS-2,Kingsley
26/05/26,Morning,Access Bank,Visa,3500,PT-1,Naomi
26/05/26,Morning,Moniepoint,Visa,5100,PT-2,Judith
26/05/26,Afternoon,Moniepoint,Verve,10700,MS-2,Judith
26/05/26,Afternoon,Zenith Bank,Visa,5200,PT-1,Kingsley
26/05/26,Afternoon,Access Bank,Afrigo,6900,PT-2,Jennifer
26/05/26,Night,Polaris,Afrigo,9400,MS-2,Godday
27/05/26,Morning,Access Bank,Afrigo,7800,MS-1,Godday
27/05/26,Morning,GTBank,Visa,8000,MS-2,Kingsley
27/05/26,Morning,Zenith Bank,Afrigo,6000,PT-1,Jennifer
27/05/26,Morning,Moniepoint,Afrigo,5500,PT-2,Naomi
27/05/26,Afternoon,Polaris,Afrigo,10700,MS-1,Naomi
27/05/26,Afternoon,Access Bank,Visa,11500,MS-2,Jennifer
27/05/26,Afternoon,Access Bank,Visa,6100,PT-2,Judith
27/05/26,Night,Zenith Bank,Mastercard,9500,MS-1,Judith
27/05/26,Night,Zenith Bank,Visa,4100,PT-1,Godday
27/05/26,Night,Opay,Visa,7200,PT-2,Jennifer
28/05/26,Morning,GTBank,Afrigo,11900,MS-1,Kingsley
28/05/26,Morning,Polaris,Mastercard,6900,MS-2,Jennifer
28/05/26,Morning,Access Bank,Visa,6100,PT-1,Judith
28/05/26,Afternoon,Polaris,Visa,9100,MS-1,Jennifer
28/05/26,Afternoon,GTBank,Verve,11900,MS-2,Naomi
28/05/26,Afternoon,Zenith Bank,Verve,7700,PT-1,Judith
28/05/26,Afternoon,Opay,Verve,4500,PT-2,Godday
28/05/26,Night,Polaris,Verve,6100,PT-1,Jennifer
28/05/26,Night,Access Bank,Verve,6900,PT-2,Naomi
29/05/26,Morning,Polaris,Afrigo,8000,MS-1,Jennifer
29/05/26,Morning,Moniepoint,Mastercard,8800,MS-2,Naomi
29/05/26,Morning,Opay,Afrigo,6700,PT-1,Godday
29/05/26,Morning,Polaris,Verve,4600,PT-2,Kingsley
29/05/26,Afternoon,Opay,Visa,8100,MS-1,Jennifer
29/05/26,Afternoon,Opay,Visa,10500,MS-2,Judith
29/05/26,Afternoon,Zenith Bank,Visa,4500,PT-1,Godday
01/06/26,Morning,Polaris,Mastercard,6100,MS-1,Jennifer
01/06/26,Morning,Moniepoint,Mastercard,10000,MS-2,Judith
01/06/26,Morning,Access Bank,Mastercard,6500,PT-1,Naomi
01/06/26,Morning,GTBank,Mastercard,5200,PT-2,Kingsley
01/06/26,Afternoon,Access Bank,Mastercard,6900,MS-2,Jennifer
01/06/26,Afternoon,GTBank,Verve,3400,PT-1,Kingsley
01/06/26,Afternoon,Polaris,Mastercard,7900,PT-2,Godday
01/06/26,Night,Access Bank,Verve,5800,PT-1,Kingsley
02/06/26,Morning,Opay,Visa,7200,MS-1,Kingsley
02/06/26,Morning,Moniepoint,Afrigo,6400,PT-1,Judith
02/06/26,Morning,Zenith Bank,Visa,6800,PT-2,Jennifer
02/06/26,Afternoon,Opay,Mastercard,10000,MS-1,Judith
02/06/26,Afternoon,Polaris,Verve,9600,MS-2,Godday
02/06/26,Afternoon,Access Bank,Visa,3100,PT-1,Kingsley
02/06/26,Afternoon,Polaris,Visa,4200,PT-2,Jennifer
02/06/26,Night,Access Bank,Mastercard,7800,MS-1,Judith
02/06/26,Night,Opay,Mastercard,4400,PT-1,Godday
03/06/26,Morning,Zenith Bank,Mastercard,6800,MS-1,Godday
03/06/26,Morning,Opay,Afrigo,11500,MS-2,Naomi
03/06/26,Morning,Moniepoint,Verve,7100,PT-1,Judith
03/06/26,Afternoon,Opay,Verve,11700,MS-1,Godday
03/06/26,Afternoon,Zenith Bank,Afrigo,9000,MS-2,Naomi
03/06/26,Afternoon,Opay,Verve,6600,PT-1,Jennifer
03/06/26,Afternoon,Zenith Bank,Mastercard,5000,PT-2,Kingsley
03/06/26,Night,Moniepoint,Afrigo,4000,PT-1,Naomi
03/06/26,Night,Opay,Mastercard,4200,PT-2,Judith
04/06/26,Morning,Polaris,Afrigo,3900,PT-2,Kingsley
04/06/26,Afternoon,Access Bank,Mastercard,7100,MS-2,Jennifer
04/06/26,Afternoon,Opay,Visa,3800,PT-1,Judith
04/06/26,Afternoon,Access Bank,Visa,6500,PT-2,Naomi
04/06/26,Night,Opay,Visa,6800,MS-2,Naomi
05/06/26,Morning,Polaris,Verve,6900,MS-1,Kingsley
05/06/26,Morning,Moniepoint,Mastercard,11400,MS-2,Judith
05/06/26,Morning,Opay,Afrigo,6100,PT-1,Godday
05/06/26,Morning,Polaris,Mastercard,6300,PT-2,Naomi
05/06/26,Afternoon,GTBank,Verve,9900,MS-1,Naomi
05/06/26,Afternoon,Access Bank,Visa,9900,MS-2,Kingsley
05/06/26,Afternoon,Polaris,Mastercard,4200,PT-1,Jennifer
05/06/26,Afternoon,Opay,Visa,4400,PT-2,Judith
05/06/26,Night,Polaris,Mastercard,9600,MS-1,Jennifer
05/06/26,Night,Polaris,Visa,6100,MS-2,Naomi
05/06/26,Night,Access Bank,Afrigo,5900,PT-1,Judith
05/06/26,Night,Moniepoint,Afrigo,3700,PT-2,Kingsley
08/06/26,Morning,Opay,Visa,9900,MS-1,Godday
08/06/26,Morning,Opay,Visa,11300,MS-2,Naomi
08/06/26,Morning,Moniepoint,Mastercard,3400,PT-1,Jennifer
08/06/26,Morning,Opay,Visa,7400,PT-2,Kingsley
08/06/26,Afternoon,Opay,Mastercard,10800,MS-2,Naomi
08/06/26,Afternoon,Polaris,Afrigo,7500,PT-1,Kingsley
08/06/26,Afternoon,Zenith Bank,Visa,6600,PT-2,Jennifer
08/06/26,Night,GTBank,Visa,11400,MS-2,Jennifer
08/06/26,Night,Zenith Bank,Afrigo,7200,PT-1,Judith
08/06/26,Night,Access Bank,Verve,3400,PT-2,Godday
09/06/26,Morning,Zenith Bank,Mastercard,12000,MS-1,Jennifer
09/06/26,Morning,Opay,Mastercard,7700,MS-2,Kingsley
09/06/26,Morning,Zenith Bank,Visa,5100,PT-1,Naomi
09/06/26,Morning,Opay,Afrigo,6900,PT-2,Godday
09/06/26,Afternoon,Opay,Visa,7000,MS-1,Naomi
09/06/26,Afternoon,Opay,Visa,6200,PT-1,Godday
09/06/26,Afternoon,Moniepoint,Mastercard,6800,PT-2,Jennifer
09/06/26,Night,Opay,Verve,8100,MS-1,Jennifer
09/06/26,Night,Zenith Bank,Verve,11100,MS-2,Judith
10/06/26,Morning,Moniepoint,Visa,12000,MS-1,Godday
10/06/26,Morning,GTBank,Afrigo,11900,MS-2,Judith
10/06/26,Morning,GTBank,Mastercard,4200,PT-1,Naomi
10/06/26,Morning,Moniepoint,Visa,6700,PT-2,Jennifer
10/06/26,Afternoon,Zenith Bank,Afrigo,8800,MS-2,Kingsley
10/06/26,Afternoon,Zenith Bank,Verve,6300,PT-1,Jennifer
10/06/26,Afternoon,Zenith Bank,Verve,3200,PT-2,Naomi
11/06/26,Morning,Opay,Mastercard,7400,MS-1,Kingsley
11/06/26,Morning,Polaris,Mastercard,7100,MS-2,Naomi
11/06/26,Morning,Access Bank,Verve,5100,PT-1,Judith
11/06/26,Morning,Opay,Afrigo,6300,PT-2,Godday
11/06/26,Afternoon,GTBank,Mastercard,8500,MS-1,Kingsley
11/06/26,Night,GTBank,Afrigo,6400,MS-2,Kingsley
11/06/26,Night,Polaris,Afrigo,3200,PT-2,Naomi
12/06/26,Morning,Access Bank,Visa,11800,MS-1,Godday
12/06/26,Morning,GTBank,Visa,9000,MS-2,Naomi
12/06/26,Morning,Access Bank,Visa,5000,PT-1,Jennifer
12/06/26,Afternoon,Opay,Visa,8900,MS-1,Kingsley
12/06/26,Afternoon,Access Bank,Mastercard,8500,MS-2,Godday
12/06/26,Afternoon,Zenith Bank,Mastercard,7700,PT-1,Jennifer
12/06/26,Afternoon,Opay,Mastercard,7200,PT-2,Judith
12/06/26,Night,Access Bank,Mastercard,9600,MS-2,Naomi
12/06/26,Night,Access Bank,Afrigo,4000,PT-1,Godday
15/06/26,Morning,Opay,Afrigo,6500,MS-2,Naomi
15/06/26,Morning,GTBank,Afrigo,4000,PT-1,Jennifer
15/06/26,Morning,Opay,Mastercard,3300,PT-2,Judith
15/06/26,Afternoon,Zenith Bank,Visa,11700,MS-1,Judith
15/06/26,Afternoon,Moniepoint,Mastercard,6700,PT-1,Jennifer
15/06/26,Night,Moniepoint,Visa,8200,MS-2,Godday
15/06/26,Night,Moniepoint,Mastercard,7000,PT-1,Judith
15/06/26,Night,GTBank,Visa,3500,PT-2,Kingsley
16/06/26,Morning,GTBank,Mastercard,7800,MS-1,Judith
16/06/26,Morning,Zenith Bank,Visa,6600,MS-2,Godday
16/06/26,Morning,Moniepoint,Verve,7100,PT-2,Jennifer
16/06/26,Afternoon,Access Bank,Afrigo,6800,MS-1,Judith
16/06/26,Afternoon,Zenith Bank,Verve,7500,MS-2,Kingsley
16/06/26,Afternoon,Zenith Bank,Mastercard,7800,PT-1,Godday
16/06/26,Afternoon,Opay,Afrigo,7500,PT-2,Jennifer
16/06/26,Night,Moniepoint,Afrigo,5500,PT-2,Godday
17/06/26,Morning,Zenith Bank,Visa,11800,MS-1,Kingsley
17/06/26,Morning,Zenith Bank,Verve,12000,MS-2,Judith
17/06/26,Morning,Polaris,Verve,3500,PT-1,Jennifer
17/06/26,Morning,GTBank,Visa,5200,PT-2,Godday
17/06/26,Afternoon,Access Bank,Mastercard,10600,MS-1,Kingsley
17/06/26,Afternoon,Moniepoint,Visa,8500,MS-2,Naomi
17/06/26,Afternoon,Zenith Bank,Verve,4500,PT-2,Godday
17/06/26,Night,Zenith Bank,Mastercard,7200,MS-2,Judith
17/06/26,Night,Moniepoint,Mastercard,7000,PT-1,Godday
18/06/26,Morning,Opay,Afrigo,6300,MS-1,Kingsley
18/06/26,Morning,GTBank,Visa,6600,MS-2,Godday
18/06/26,Afternoon,Zenith Bank,Verve,7600,MS-1,Judith
18/06/26,Afternoon,GTBank,Visa,10700,MS-2,Jennifer
18/06/26,Afternoon,Zenith Bank,Mastercard,4000,PT-1,Godday
18/06/26,Afternoon,Polaris,Mastercard,3300,PT-2,Kingsley
18/06/26,Night,Opay,Visa,11200,MS-2,Jennifer
18/06/26,Night,Moniepoint,Afrigo,5700,PT-2,Naomi
19/06/26,Morning,Access Bank,Mastercard,8200,MS-1,Kingsley
19/06/26,Morning,Opay,Mastercard,5600,PT-1,Godday
19/06/26,Morning,Moniepoint,Visa,6400,PT-2,Judith
19/06/26,Afternoon,Moniepoint,Verve,3300,PT-1,Naomi
19/06/26,Afternoon,Moniepoint,Mastercard,5700,PT-2,Godday
19/06/26,Night,Moniepoint,Visa,9900,MS-2,Godday
22/06/26,Morning,Opay,Visa,11400,MS-1,Jennifer
22/06/26,Morning,Moniepoint,Afrigo,10300,MS-2,Kingsley
22/06/26,Morning,Moniepoint,Visa,3800,PT-1,Naomi
22/06/26,Morning,Zenith Bank,Mastercard,5800,PT-2,Godday
22/06/26,Afternoon,Zenith Bank,Verve,11800,MS-1,Judith
22/06/26,Afternoon,Polaris,Verve,6500,PT-2,Godday
22/06/26,Night,Moniepoint,Afrigo,9900,MS-1,Naomi
22/06/26,Night,Opay,Mastercard,11400,MS-2,Jennifer
22/06/26,Night,Moniepoint,Verve,4800,PT-1,Judith
22/06/26,Night,Moniepoint,Mastercard,5200,PT-2,Kingsley
23/06/26,Morning,GTBank,Afrigo,10100,MS-1,Naomi
23/06/26,Morning,GTBank,Mastercard,6600,MS-2,Godday
23/06/26,Morning,Polaris,Afrigo,4300,PT-1,Judith
23/06/26,Afternoon,Zenith Bank,Verve,8900,MS-1,Naomi
23/06/26,Afternoon,Access Bank,Afrigo,9100,MS-2,Judith
23/06/26,Afternoon,Moniepoint,Visa,3200,PT-2,Kingsley
23/06/26,Night,Zenith Bank,Verve,9900,MS-2,Judith
23/06/26,Night,Polaris,Mastercard,3100,PT-1,Jennifer
24/06/26,Morning,Opay,Visa,7900,MS-1,Jennifer
24/06/26,Morning,Polaris,Verve,7700,MS-2,Judith
24/06/26,Morning,GTBank,Mastercard,5200,PT-1,Naomi
24/06/26,Afternoon,Access Bank,Verve,10000,MS-2,Kingsley
24/06/26,Afternoon,Opay,Visa,3800,PT-1,Jennifer
24/06/26,Night,GTBank,Visa,5400,PT-1,Kingsley
25/06/26,Morning,GTBank,Verve,10300,MS-2,Jennifer
25/06/26,Morning,Opay,Visa,4100,PT-2,Naomi
25/06/26,Afternoon,Polaris,Afrigo,9600,MS-2,Kingsley
25/06/26,Afternoon,Moniepoint,Mastercard,6500,PT-1,Jennifer
25/06/26,Afternoon,GTBank,Mastercard,4600,PT-2,Naomi
25/06/26,Night,Access Bank,Verve,11600,MS-1,Godday
25/06/26,Night,Polaris,Verve,7900,PT-2,Kingsley
26/06/26,Morning,Zenith Bank,Verve,9600,MS-2,Judith
26/06/26,Morning,Polaris,Visa,3800,PT-1,Jennifer
26/06/26,Morning,Access Bank,Verve,6600,PT-2,Naomi
26/06/26,Afternoon,Access Bank,Verve,8200,MS-1,Naomi
26/06/26,Afternoon,Moniepoint,Verve,8500,MS-2,Judith
26/06/26,Afternoon,GTBank,Verve,7500,PT-1,Jennifer
26/06/26,Night,Access Bank,Mastercard,11700,MS-1,Judith
26/06/26,Night,Moniepoint,Verve,7000,MS-2,Kingsley
26/06/26,Night,Access Bank,Verve,3100,PT-2,Jennifer
29/06/26,Morning,Moniepoint,Verve,11300,MS-1,Jennifer
29/06/26,Morning,Opay,Mastercard,10700,MS-2,Kingsley
29/06/26,Morning,Access Bank,Verve,5200,PT-1,Judith
29/06/26,Morning,Polaris,Afrigo,6800,PT-2,Naomi
29/06/26,Afternoon,Access Bank,Afrigo,7500,MS-1,Naomi
29/06/26,Afternoon,Opay,Afrigo,6300,PT-1,Godday
29/06/26,Afternoon,Polaris,Visa,5200,PT-2,Judith
29/06/26,Night,GTBank,Visa,6300,PT-2,Godday
30/06/26,Morning,GTBank,Visa,7000,PT-1,Jennifer
30/06/26,Morning,Opay,Verve,3100,PT-2,Naomi
30/06/26,Afternoon,Opay,Mastercard,7400,MS-2,Godday
30/06/26,Night,Opay,Mastercard,10200,MS-1,Judith
30/06/26,Night,Opay,Mastercard,8200,MS-2,Kingsley
30/06/26,Night,Opay,Mastercard,7500,PT-1,Jennifer
01/07/26,Morning,Polaris,Verve,11700,MS-1,Kingsley
01/07/26,Morning,Opay,Visa,7200,MS-2,Naomi
01/07/26,Morning,Opay,Afrigo,5000,PT-1,Judith
01/07/26,Morning,Moniepoint,Afrigo,5200,PT-2,Jennifer
01/07/26,Afternoon,Moniepoint,Visa,8800,MS-1,Jennifer
01/07/26,Afternoon,GTBank,Mastercard,7500,MS-2,Naomi
01/07/26,Afternoon,GTBank,Visa,7000,PT-2,Judith
01/07/26,Night,Opay,Mastercard,7700,MS-1,Jennifer
02/07/26,Morning,GTBank,Afrigo,6300,MS-2,Jennifer
02/07/26,Morning,Moniepoint,Verve,6800,PT-2,Naomi
02/07/26,Afternoon,GTBank,Afrigo,9100,MS-1,Jennifer
02/07/26,Afternoon,Polaris,Mastercard,11000,MS-2,Godday
02/07/26,Afternoon,Access Bank,Visa,4800,PT-2,Kingsley
02/07/26,Night,Access Bank,Mastercard,11500,MS-1,Naomi
02/07/26,Night,Opay,Mastercard,7500,PT-1,Judith
02/07/26,Night,Access Bank,Mastercard,4000,PT-2,Godday
03/07/26,Morning,Polaris,Mastercard,8500,MS-1,Jennifer
03/07/26,Morning,Polaris,Visa,5900,PT-1,Judith
03/07/26,Afternoon,GTBank,Afrigo,4000,PT-2,Kingsley
03/07/26,Night,Zenith Bank,Afrigo,9100,MS-1,Judith
06/07/26,Morning,Polaris,Mastercard,6500,MS-1,Naomi
06/07/26,Morning,Polaris,Afrigo,10100,MS-2,Godday
06/07/26,Morning,Opay,Visa,4600,PT-1,Jennifer
06/07/26,Morning,Access Bank,Verve,5000,PT-2,Kingsley
06/07/26,Afternoon,Access Bank,Afrigo,8000,MS-2,Naomi
06/07/26,Afternoon,Access Bank,Afrigo,5900,PT-1,Jennifer
06/07/26,Night,Access Bank,Verve,6500,MS-1,Godday
07/07/26,Morning,Moniepoint,Mastercard,9600,MS-1,Jennifer
07/07/26,Morning,Moniepoint,Mastercard,9100,MS-2,Godday
07/07/26,Morning,Access Bank,Mastercard,7200,PT-2,Naomi
07/07/26,Afternoon,GTBank,Afrigo,7800,MS-1,Kingsley
07/07/26,Afternoon,Access Bank,Visa,7800,MS-2,Jennifer
07/07/26,Afternoon,Opay,Verve,6300,PT-1,Judith
07/07/26,Afternoon,Moniepoint,Visa,5100,PT-2,Godday
07/07/26,Night,Moniepoint,Afrigo,7300,PT-1,Naomi
08/07/26,Morning,Access Bank,Verve,6200,MS-1,Jennifer
08/07/26,Morning,Polaris,Mastercard,10000,MS-2,Godday
08/07/26,Morning,Opay,Afrigo,4100,PT-1,Kingsley
08/07/26,Morning,GTBank,Verve,6800,PT-2,Naomi
08/07/26,Afternoon,Polaris,Visa,8300,MS-1,Jennifer
08/07/26,Afternoon,Opay,Mastercard,9500,MS-2,Judith
08/07/26,Afternoon,Polaris,Mastercard,4600,PT-1,Kingsley
08/07/26,Night,Opay,Visa,9800,MS-1,Godday
09/07/26,Morning,Access Bank,Mastercard,11100,MS-1,Kingsley
09/07/26,Morning,Opay,Visa,7100,PT-1,Judith
09/07/26,Morning,Opay,Visa,7900,PT-2,Godday
09/07/26,Afternoon,GTBank,Verve,3700,PT-1,Kingsley
09/07/26,Afternoon,Opay,Mastercard,5600,PT-2,Godday
09/07/26,Night,GTBank,Afrigo,6400,MS-1,Kingsley
09/07/26,Night,Opay,Afrigo,9600,MS-2,Naomi
09/07/26,Night,Moniepoint,Afrigo,6000,PT-1,Jennifer
10/07/26,Morning,Access Bank,Afrigo,7100,PT-2,Judith
10/07/26,Afternoon,Polaris,Mastercard,6900,MS-1,Naomi
10/07/26,Afternoon,Opay,Visa,4300,PT-2,Jennifer
10/07/26,Night,Zenith Bank,Afrigo,7600,MS-2,Judith
10/07/26,Night,Access Bank,Mastercard,3300,PT-1,Naomi
13/07/26,Morning,Polaris,Verve,6600,PT-1,Godday
13/07/26,Afternoon,Moniepoint,Visa,7100,MS-1,Godday
13/07/26,Afternoon,Zenith Bank,Afrigo,9800,MS-2,Jennifer
13/07/26,Afternoon,Moniepoint,Visa,6800,PT-2,Naomi
13/07/26,Night,Access Bank,Afrigo,11800,MS-1,Godday
13/07/26,Night,Zenith Bank,Verve,5900,PT-1,Naomi
14/07/26,Morning,Access Bank,Afrigo,9500,MS-1,Judith
14/07/26,Morning,Zenith Bank,Mastercard,6200,PT-1,Naomi
14/07/26,Morning,GTBank,Verve,7000,PT-2,Godday
14/07/26,Afternoon,Opay,Verve,11500,MS-1,Jennifer
14/07/26,Afternoon,GTBank,Visa,11200,MS-2,Godday
14/07/26,Afternoon,Zenith Bank,Verve,4100,PT-1,Judith
14/07/26,Night,Access Bank,Mastercard,12000,MS-1,Godday
15/07/26,Morning,Moniepoint,Mastercard,9100,MS-1,Naomi
15/07/26,Afternoon,Polaris,Mastercard,7200,MS-1,Naomi
15/07/26,Afternoon,Moniepoint,Mastercard,7900,PT-2,Jennifer
15/07/26,Night,Access Bank,Afrigo,11600,MS-1,Godday
15/07/26,Night,Polaris,Verve,5800,PT-1,Naomi
16/07/26,Morning,Zenith Bank,Mastercard,7700,MS-1,Godday
16/07/26,Morning,Zenith Bank,Visa,7100,MS-2,Naomi
16/07/26,Morning,Opay,Afrigo,3300,PT-1,Jennifer
16/07/26,Morning,Moniepoint,Verve,4200,PT-2,Judith
16/07/26,Afternoon,Opay,Mastercard,9100,MS-1,Kingsley
16/07/26,Afternoon,Access Bank,Afrigo,8000,MS-2,Judith
16/07/26,Afternoon,Zenith Bank,Visa,4800,PT-2,Godday
17/07/26,Morning,GTBank,Afrigo,6800,MS-1,Judith
17/07/26,Morning,GTBank,Visa,6200,MS-2,Jennifer
17/07/26,Morning,Access Bank,Mastercard,4000,PT-1,Naomi
17/07/26,Morning,Access Bank,Mastercard,6400,PT-2,Godday
17/07/26,Afternoon,Opay,Afrigo,8800,MS-1,Kingsley
17/07/26,Afternoon,Polaris,Afrigo,9200,MS-2,Jennifer
17/07/26,Afternoon,Opay,Verve,6400,PT-1,Naomi
17/07/26,Night,Moniepoint,Afrigo,7300,MS-1,Godday
17/07/26,Night,Moniepoint,Verve,3700,PT-1,Naomi
20/07/26,Morning,Access Bank,Afrigo,8900,MS-2,Godday
20/07/26,Morning,Moniepoint,Afrigo,5100,PT-1,Jennifer
20/07/26,Morning,Opay,Mastercard,7900,PT-2,Naomi
20/07/26,Afternoon,Zenith Bank,Mastercard,7300,MS-1,Godday
20/07/26,Afternoon,Moniepoint,Afrigo,8700,MS-2,Jennifer
20/07/26,Afternoon,Moniepoint,Mastercard,4800,PT-1,Judith
20/07/26,Afternoon,Zenith Bank,Visa,7900,PT-2,Naomi
20/07/26,Night,Access Bank,Afrigo,3300,PT-1,Jennifer
20/07/26,Night,Moniepoint,Mastercard,5000,PT-2,Naomi
21/07/26,Morning,GTBank,Afrigo,10100,MS-1,Kingsley
21/07/26,Morning,GTBank,Visa,7400,MS-2,Judith
21/07/26,Morning,Access Bank,Mastercard,3200,PT-1,Jennifer
21/07/26,Morning,Zenith Bank,Afrigo,6000,PT-2,Godday
21/07/26,Afternoon,Zenith Bank,Mastercard,9300,MS-2,Judith
21/07/26,Afternoon,Polaris,Afrigo,7200,PT-1,Kingsley
21/07/26,Afternoon,Access Bank,Mastercard,7700,PT-2,Naomi
21/07/26,Night,Moniepoint,Mastercard,7000,MS-1,Godday
21/07/26,Night,Opay,Visa,5500,PT-1,Jennifer
22/07/26,Morning,Zenith Bank,Mastercard,12000,MS-1,Judith
22/07/26,Morning,Zenith Bank,Mastercard,10500,MS-2,Jennifer
22/07/26,Morning,Zenith Bank,Visa,5100,PT-1,Godday
22/07/26,Morning,Access Bank,Verve,5700,PT-2,Kingsley
22/07/26,Afternoon,GTBank,Verve,6600,MS-1,Kingsley
22/07/26,Afternoon,Polaris,Afrigo,6700,PT-1,Jennifer
22/07/26,Afternoon,Polaris,Mastercard,7900,PT-2,Judith
22/07/26,Night,Opay,Visa,3900,PT-1,Jennifer
23/07/26,Morning,Access Bank,Afrigo,10200,MS-2,Naomi
23/07/26,Morning,Moniepoint,Verve,4700,PT-2,Judith
23/07/26,Afternoon,Zenith Bank,Mastercard,6200,MS-2,Judith
23/07/26,Afternoon,Access Bank,Afrigo,4400,PT-2,Naomi
23/07/26,Night,Zenith Bank,Afrigo,7900,MS-2,Godday
24/07/26,Morning,GTBank,Verve,9600,MS-2,Naomi
24/07/26,Morning,Opay,Visa,4600,PT-1,Jennifer
24/07/26,Morning,Zenith Bank,Afrigo,4400,PT-2,Judith
24/07/26,Afternoon,Polaris,Afrigo,7000,MS-1,Kingsley
24/07/26,Afternoon,Moniepoint,Afrigo,10200,MS-2,Jennifer
24/07/26,Afternoon,Polaris,Afrigo,3900,PT-1,Naomi
24/07/26,Afternoon,Moniepoint,Verve,7000,PT-2,Judith
24/07/26,Night,Polaris,Visa,8000,PT-1,Godday
24/07/26,Night,Opay,Visa,6100,PT-2,Naomi
27/07/26,Morning,GTBank,Mastercard,7600,MS-1,Naomi
27/07/26,Morning,Zenith Bank,Verve,6400,PT-1,Judith
27/07/26,Morning,Polaris,Verve,3700,PT-2,Godday
27/07/26,Afternoon,GTBank,Visa,8300,MS-1,Kingsley
27/07/26,Afternoon,Access Bank,Mastercard,6300,MS-2,Jennifer
27/07/26,Afternoon,Opay,Mastercard,3000,PT-2,Judith
27/07/26,Night,GTBank,Mastercard,5600,PT-2,Naomi
28/07/26,Morning,Moniepoint,Mastercard,7700,MS-1,Kingsley
28/07/26,Morning,Polaris,Visa,12000,MS-2,Naomi
28/07/26,Morning,Moniepoint,Mastercard,5600,PT-2,Jennifer
28/07/26,Afternoon,Access Bank,Afrigo,9800,MS-2,Kingsley
28/07/26,Afternoon,Zenith Bank,Afrigo,5700,PT-2,Naomi
28/07/26,Night,Polaris,Mastercard,4000,PT-2,Naomi
29/07/26,Morning,Access Bank,Visa,6700,MS-1,Jennifer
29/07/26,Morning,Moniepoint,Afrigo,6200,MS-2,Naomi
29/07/26,Morning,Moniepoint,Visa,4100,PT-1,Kingsley
29/07/26,Afternoon,Moniepoint,Afrigo,10700,MS-1,Godday
29/07/26,Afternoon,Moniepoint,Afrigo,3800,PT-1,Kingsley
29/07/26,Night,Access Bank,Mastercard,3300,PT-2,Godday
30/07/26,Morning,Moniepoint,Visa,10000,MS-1,Godday
30/07/26,Morning,Access Bank,Visa,7400,PT-1,Jennifer
30/07/26,Morning,Moniepoint,Verve,4700,PT-2,Naomi
30/07/26,Afternoon,Opay,Afrigo,7800,MS-1,Kingsley
30/07/26,Afternoon,Moniepoint,Visa,8100,MS-2,Jennifer
30/07/26,Afternoon,Polaris,Afrigo,6400,PT-2,Naomi
30/07/26,Night,Opay,Verve,6600,MS-1,Godday
30/07/26,Night,GTBank,Afrigo,10900,MS-2,Jennifer
31/07/26,Morning,Access Bank,Verve,7900,MS-1,Jennifer
31/07/26,Morning,Moniepoint,Afrigo,9400,MS-2,Godday
31/07/26,Morning,Polaris,Visa,7200,PT-1,Judith
31/07/26,Morning,Moniepoint,Afrigo,7800,PT-2,Kingsley
31/07/26,Afternoon,Access Bank,Afrigo,7600,MS-2,Godday
31/07/26,Afternoon,Opay,Verve,5400,PT-1,Jennifer
31/07/26,Afternoon,Polaris,Afrigo,5400,PT-2,Naomi
31/07/26,Night,Access Bank,Verve,9800,MS-1,Naomi
31/07/26,Night,Zenith Bank,Afrigo,9500,MS-2,Kingsley
31/07/26,Night,Moniepoint,Afrigo,5700,PT-1,Jennifer
31/07/26,Night,Moniepoint,Visa,3900,PT-2,Godday
03/08/26,Morning,Opay,Visa,10300,MS-1,Jennifer
03/08/26,Morning,Zenith Bank,Afrigo,3700,PT-1,Naomi
03/08/26,Afternoon,Zenith Bank,Verve,8200,MS-2,Naomi
03/08/26,Afternoon,Zenith Bank,Verve,5800,PT-1,Judith
03/08/26,Night,Zenith Bank,Visa,10800,MS-2,Godday
03/08/26,Night,Zenith Bank,Verve,5800,PT-1,Kingsley
03/08/26,Night,Zenith Bank,Mastercard,4000,PT-2,Judith
04/08/26,Morning,Access Bank,Verve,11200,MS-1,Judith
04/08/26,Morning,Access Bank,Visa,3700,PT-1,Godday
04/08/26,Afternoon,Opay,Afrigo,5200,PT-1,Kingsley
04/08/26,Afternoon,Moniepoint,Verve,4900,PT-2,Naomi
05/08/26,Morning,Opay,Mastercard,11200,MS-1,Jennifer
05/08/26,Morning,Moniepoint,Visa,8500,MS-2,Godday
05/08/26,Morning,Opay,Verve,3100,PT-1,Naomi
05/08/26,Morning,Zenith Bank,Mastercard,5900,PT-2,Kingsley
05/08/26,Afternoon,GTBank,Visa,11000,MS-1,Naomi
05/08/26,Afternoon,Zenith Bank,Visa,7600,PT-1,Judith
05/08/26,Night,Access Bank,Verve,4000,PT-1,Judith
06/08/26,Morning,GTBank,Visa,9500,MS-1,Godday
06/08/26,Morning,Opay,Visa,6400,MS-2,Naomi
06/08/26,Morning,Moniepoint,Verve,3800,PT-1,Judith
06/08/26,Morning,Polaris,Afrigo,5400,PT-2,Kingsley
06/08/26,Afternoon,Zenith Bank,Verve,7000,MS-1,Kingsley
06/08/26,Afternoon,Zenith Bank,Verve,11500,MS-2,Naomi
06/08/26,Afternoon,Moniepoint,Visa,7200,PT-2,Godday
06/08/26,Night,Zenith Bank,Mastercard,7300,MS-2,Godday
06/08/26,Night,Polaris,Mastercard,3400,PT-1,Jennifer
07/08/26,Morning,Opay,Mastercard,6000,MS-1,Godday
07/08/26,Morning,Polaris,Visa,6700,MS-2,Naomi
07/08/26,Morning,Polaris,Afrigo,4000,PT-1,Judith
07/08/26,Morning,GTBank,Visa,5800,PT-2,Kingsley
07/08/26,Afternoon,Zenith Bank,Mastercard,7500,MS-2,Kingsley
07/08/26,Afternoon,Opay,Mastercard,4800,PT-1,Naomi
07/08/26,Night,Polaris,Afrigo,4400,PT-1,Godday
07/08/26,Night,Zenith Bank,Visa,7400,PT-2,Jennifer
10/08/26,Morning,Opay,Visa,8400,MS-1,Jennifer
10/08/26,Morning,Access Bank,Visa,8000,MS-2,Kingsley
10/08/26,Morning,Access Bank,Visa,5800,PT-1,Judith
10/08/26,Morning,Access Bank,Mastercard,5200,PT-2,Godday
10/08/26,Afternoon,GTBank,Mastercard,3500,PT-1,Naomi
10/08/26,Night,Polaris,Verve,11100,MS-1,Kingsley
10/08/26,Night,Opay,Afrigo,7400,MS-2,Naomi
11/08/26,Morning,Moniepoint,Visa,9500,MS-2,Jennifer
11/08/26,Morning,Opay,Verve,5600,PT-1,Kingsley
11/08/26,Morning,Zenith Bank,Mastercard,6100,PT-2,Judith
11/08/26,Afternoon,Moniepoint,Mastercard,8600,MS-1,Judith
11/08/26,Afternoon,Moniepoint,Mastercard,10700,MS-2,Naomi
11/08/26,Afternoon,Moniepoint,Afrigo,6200,PT-1,Kingsley
11/08/26,Afternoon,Polaris,Mastercard,6600,PT-2,Jennifer
11/08/26,Night,Polaris,Verve,5000,PT-1,Judith
11/08/26,Night,Opay,Mastercard,3100,PT-2,Kingsley
12/08/26,Morning,Zenith Bank,Mastercard,7400,MS-1,Kingsley
12/08/26,Morning,Moniepoint,Afrigo,6900,MS-2,Judith
12/08/26,Morning,Zenith Bank,Mastercard,6200,PT-1,Naomi
12/08/26,Morning,Zenith Bank,Afrigo,3200,PT-2,Jennifer
12/08/26,Afternoon,Moniepoint,Visa,7400,MS-2,Kingsley
12/08/26,Afternoon,Access Bank,Mastercard,5900,PT-2,Godday
12/08/26,Night,Opay,Visa,7000,MS-2,Jennifer
12/08/26,Night,Access Bank,Afrigo,6400,PT-1,Godday
13/08/26,Morning,Access Bank,Mastercard,11200,MS-1,Kingsley
13/08/26,Morning,Moniepoint,Visa,11300,MS-2,Godday
13/08/26,Morning,Polaris,Afrigo,3500,PT-1,Naomi
13/08/26,Afternoon,Moniepoint,Verve,10400,MS-1,Kingsley
13/08/26,Afternoon,Access Bank,Afrigo,9300,MS-2,Jennifer
13/08/26,Afternoon,Access Bank,Verve,4300,PT-2,Godday
13/08/26,Night,Zenith Bank,Afrigo,10400,MS-1,Jennifer
13/08/26,Night,GTBank,Mastercard,7900,MS-2,Judith
14/08/26,Morning,Zenith Bank,Afrigo,6000,MS-1,Judith
14/08/26,Morning,Access Bank,Verve,4300,PT-1,Godday
14/08/26,Morning,GTBank,Visa,7900,PT-2,Naomi
14/08/26,Afternoon,Zenith Bank,Verve,6400,PT-1,Naomi
14/08/26,Afternoon,GTBank,Visa,7800,PT-2,Godday
14/08/26,Night,Opay,Visa,6000,MS-1,Naomi
14/08/26,Night,Moniepoint,Visa,7400,MS-2,Jennifer
17/08/26,Morning,GTBank,Verve,11900,MS-2,Jennifer
17/08/26,Morning,Opay,Afrigo,7900,PT-1,Judith
17/08/26,Morning,Opay,Verve,6500,PT-2,Godday
17/08/26,Afternoon,Zenith Bank,Afrigo,6900,MS-2,Godday
17/08/26,Afternoon,Access Bank,Visa,7300,PT-1,Naomi
17/08/26,Night,Polaris,Afrigo,11900,MS-1,Jennifer
18/08/26,Morning,Access Bank,Mastercard,9200,MS-2,Judith
18/08/26,Morning,GTBank,Mastercard,4100,PT-1,Kingsley
18/08/26,Morning,Polaris,Mastercard,6500,PT-2,Jennifer
18/08/26,Afternoon,Moniepoint,Afrigo,7200,MS-1,Kingsley
18/08/26,Afternoon,Zenith Bank,Visa,6500,MS-2,Naomi
18/08/26,Afternoon,Moniepoint,Mastercard,3400,PT-1,Jennifer
18/08/26,Afternoon,Moniepoint,Mastercard,5200,PT-2,Godday
18/08/26,Night,Moniepoint,Visa,6600,PT-2,Judith
19/08/26,Morning,Moniepoint,Visa,10100,MS-1,Naomi
19/08/26,Morning,Access Bank,Mastercard,3700,PT-1,Kingsley
19/08/26,Morning,Polaris,Mastercard,7800,PT-2,Jennifer
19/08/26,Afternoon,Moniepoint,Visa,10200,MS-1,Naomi
19/08/26,Afternoon,GTBank,Mastercard,6800,MS-2,Judith
19/08/26,Afternoon,Opay,Visa,7800,PT-1,Jennifer
19/08/26,Afternoon,Opay,Afrigo,5200,PT-2,Kingsley
20/08/26,Morning,Access Bank,Mastercard,6600,MS-1,Kingsley
20/08/26,Morning,Access Bank,Verve,7100,MS-2,Naomi
20/08/26,Morning,Zenith Bank,Verve,5100,PT-1,Judith
20/08/26,Afternoon,Moniepoint,Mastercard,6300,MS-1,Naomi
20/08/26,Afternoon,Polaris,Afrigo,5500,PT-1,Kingsley
20/08/26,Afternoon,GTBank,Mastercard,7900,PT-2,Judith
20/08/26,Night,Zenith Bank,Afrigo,3100,PT-1,Judith
20/08/26,Night,Polaris,Afrigo,6900,PT-2,Naomi
21/08/26,Morning,Opay,Afrigo,8400,MS-1,Naomi
21/08/26,Morning,GTBank,Verve,7900,MS-2,Kingsley
21/08/26,Morning,Zenith Bank,Verve,8000,PT-1,Jennifer
21/08/26,Morning,GTBank,Afrigo,6200,PT-2,Godday
21/08/26,Afternoon,Polaris,Afrigo,9300,MS-1,Godday
21/08/26,Afternoon,Access Bank,Visa,10500,MS-2,Naomi
21/08/26,Afternoon,Zenith Bank,Afrigo,4600,PT-1,Judith
21/08/26,Afternoon,Moniepoint,Visa,3700,PT-2,Jennifer
21/08/26,Night,GTBank,Visa,3800,PT-2,Naomi
24/08/26,Morning,Zenith Bank,Mastercard,7900,MS-1,Godday
24/08/26,Morning,Opay,Afrigo,7500,MS-2,Judith
24/08/26,Morning,Polaris,Verve,5500,PT-1,Jennifer
24/08/26,Morning,Opay,Visa,4800,PT-2,Kingsley
24/08/26,Afternoon,Moniepoint,Verve,6300,MS-2,Jennifer
24/08/26,Afternoon,Polaris,Mastercard,7700,PT-1,Kingsley
24/08/26,Afternoon,Access Bank,Afrigo,6500,PT-2,Godday
24/08/26,Night,Access Bank,Verve,8000,MS-2,Kingsley
24/08/26,Night,Opay,Verve,3300,PT-1,Godday
24/08/26,Night,Opay,Mastercard,3100,PT-2,Naomi
25/08/26,Morning,Zenith Bank,Afrigo,10700,MS-1,Naomi
25/08/26,Morning,Opay,Mastercard,10400,MS-2,Jennifer
25/08/26,Morning,Zenith Bank,Visa,3500,PT-1,Judith
25/08/26,Morning,Moniepoint,Verve,7800,PT-2,Godday
25/08/26,Afternoon,Moniepoint,Visa,9600,MS-1,Jennifer
25/08/26,Afternoon,Zenith Bank,Mastercard,7800,MS-2,Judith
25/08/26,Afternoon,Opay,Mastercard,5100,PT-1,Kingsley
25/08/26,Afternoon,GTBank,Afrigo,3900,PT-2,Godday
25/08/26,Night,Zenith Bank,Verve,7600,MS-1,Kingsley
26/08/26,Morning,Opay,Visa,9200,MS-2,Kingsley
26/08/26,Morning,Moniepoint,Visa,5200,PT-1,Judith
26/08/26,Morning,Access Bank,Visa,3400,PT-2,Jennifer
26/08/26,Afternoon,Zenith Bank,Afrigo,6600,MS-2,Godday
26/08/26,Afternoon,Moniepoint,Mastercard,7000,PT-1,Kingsley
26/08/26,Night,Polaris,Verve,9500,MS-1,Judith
26/08/26,Night,Polaris,Verve,6600,PT-1,Naomi
27/08/26,Morning,Access Bank,Verve,10000,MS-1,Kingsley
27/08/26,Morning,Access Bank,Afrigo,7600,MS-2,Jennifer
27/08/26,Morning,Opay,Afrigo,7000,PT-2,Godday
27/08/26,Afternoon,Access Bank,Visa,10600,MS-2,Naomi
27/08/26,Afternoon,Zenith Bank,Mastercard,5500,PT-1,Judith
27/08/26,Night,Zenith Bank,Visa,7900,PT-1,Godday
28/08/26,Morning,Opay,Verve,7400,MS-1,Kingsley
28/08/26,Morning,Moniepoint,Afrigo,11200,MS-2,Naomi
28/08/26,Morning,Zenith Bank,Visa,7300,PT-2,Godday
28/08/26,Afternoon,Moniepoint,Mastercard,8800,MS-1,Judith
28/08/26,Afternoon,GTBank,Afrigo,10700,MS-2,Kingsley
28/08/26,Afternoon,Moniepoint,Mastercard,6300,PT-2,Godday
31/08/26,Morning,Access Bank,Mastercard,11800,MS-1,Naomi
31/08/26,Morning,Access Bank,Afrigo,8000,MS-2,Godday
31/08/26,Morning,Moniepoint,Verve,3900,PT-1,Kingsley
31/08/26,Morning,Access Bank,Verve,4600,PT-2,Jennifer
31/08/26,Afternoon,Access Bank,Visa,9400,MS-1,Godday
31/08/26,Afternoon,Polaris,Verve,11500,MS-2,Naomi
31/08/26,Afternoon,GTBank,Mastercard,5500,PT-1,Kingsley
31/08/26,Afternoon,Moniepoint,Verve,6800,PT-2,Jennifer
31/08/26,Night,GTBank,Mastercard,8000,MS-2,Godday
01/09/26,Morning,Moniepoint,Mastercard,7900,MS-1,Judith
01/09/26,Morning,GTBank,Visa,11400,MS-2,Jennifer
01/09/26,Morning,Zenith Bank,Visa,7400,PT-1,Naomi
01/09/26,Afternoon,Access Bank,Mastercard,11400,MS-1,Godday
01/09/26,Afternoon,Zenith Bank,Afrigo,6500,PT-2,Judith
01/09/26,Night,Moniepoint,Visa,8600,MS-2,Jennifer
01/09/26,Night,GTBank,Verve,7600,PT-1,Naomi
01/09/26,Night,Zenith Bank,Verve,3600,PT-2,Judith
02/09/26,Morning,Opay,Mastercard,10700,MS-1,Naomi
02/09/26,Morning,GTBank,Verve,8300,MS-2,Judith
02/09/26,Morning,Zenith Bank,Verve,3200,PT-1,Kingsley
02/09/26,Morning,Access Bank,Mastercard,3200,PT-2,Jennifer
02/09/26,Afternoon,Zenith Bank,Visa,6200,MS-2,Naomi
02/09/26,Night,Opay,Afrigo,6300,MS-1,Jennifer
02/09/26,Night,Polaris,Verve,6700,MS-2,Godday
03/09/26,Morning,Zenith Bank,Afrigo,8100,MS-1,Naomi
03/09/26,Morning,Opay,Mastercard,11200,MS-2,Godday
03/09/26,Morning,Zenith Bank,Visa,5700,PT-1,Kingsley
03/09/26,Afternoon,Access Bank,Mastercard,9200,MS-1,Kingsley
03/09/26,Afternoon,Zenith Bank,Visa,5700,PT-1,Judith
03/09/26,Afternoon,Polaris,Afrigo,4000,PT-2,Godday
03/09/26,Night,Zenith Bank,Visa,10000,MS-1,Naomi
03/09/26,Night,Opay,Afrigo,7500,PT-2,Godday
04/09/26,Morning,GTBank,Visa,7400,MS-1,Judith
04/09/26,Morning,Opay,Mastercard,6600,MS-2,Jennifer
04/09/26,Morning,Opay,Verve,7900,PT-1,Kingsley
04/09/26,Morning,Polaris,Afrigo,6200,PT-2,Naomi
04/09/26,Afternoon,GTBank,Verve,9100,MS-2,Jennifer
04/09/26,Afternoon,Moniepoint,Visa,4000,PT-1,Kingsley
04/09/26,Night,GTBank,Verve,10700,MS-1,Jennifer
04/09/26,Night,GTBank,Mastercard,6700,PT-1,Judith
07/09/26,Morning,Polaris,Mastercard,10800,MS-2,Judith
07/09/26,Morning,Zenith Bank,Verve,6000,PT-1,Naomi
07/09/26,Morning,Zenith Bank,Afrigo,6300,PT-2,Jennifer
07/09/26,Afternoon,Polaris,Visa,6600,MS-2,Judith
07/09/26,Afternoon,Moniepoint,Afrigo,7000,PT-2,Kingsley
07/09/26,Night,Opay,Visa,4400,PT-1,Kingsley
08/09/26,Morning,Zenith Bank,Verve,7700,MS-1,Judith
08/09/26,Morning,Zenith Bank,Visa,6900,MS-2,Godday
08/09/26,Morning,Polaris,Mastercard,7100,PT-1,Jennifer
08/09/26,Morning,Opay,Verve,7500,PT-2,Naomi
08/09/26,Afternoon,Access Bank,Afrigo,8700,MS-2,Naomi
08/09/26,Afternoon,Moniepoint,Mastercard,3600,PT-1,Jennifer
08/09/26,Afternoon,Moniepoint,Verve,7800,PT-2,Godday
08/09/26,Night,Opay,Mastercard,9100,MS-1,Judith
08/09/26,Night,GTBank,Afrigo,9700,MS-2,Jennifer
09/09/26,Morning,Moniepoint,Verve,10600,MS-1,Godday
09/09/26,Morning,Moniepoint,Mastercard,6700,MS-2,Naomi
09/09/26,Morning,Moniepoint,Afrigo,6100,PT-1,Kingsley
09/09/26,Morning,Access Bank,Visa,7500,PT-2,Judith
09/09/26,Afternoon,Access Bank,Visa,8700,MS-1,Naomi
09/09/26,Afternoon,GTBank,Afrigo,11500,MS-2,Kingsley
09/09/26,Afternoon,Zenith Bank,Visa,3800,PT-1,Godday
09/09/26,Night,GTBank,Mastercard,4700,PT-1,Godday
10/09/26,Morning,Zenith Bank,Verve,8400,MS-1,Kingsley
10/09/26,Morning,Access Bank,Mastercard,11200,MS-2,Judith
10/09/26,Morning,Zenith Bank,Mastercard,3600,PT-1,Godday
10/09/26,Morning,Access Bank,Verve,4000,PT-2,Naomi
10/09/26,Afternoon,Moniepoint,Verve,9800,MS-2,Naomi
10/09/26,Afternoon,Polaris,Afrigo,6400,PT-1,Jennifer
10/09/26,Night,Opay,Afrigo,7700,MS-2,Kingsley
10/09/26,Night,GTBank,Verve,8000,PT-1,Godday
11/09/26,Morning,Access Bank,Visa,8100,MS-1,Judith
11/09/26,Morning,Access Bank,Mastercard,8000,PT-1,Kingsley
11/09/26,Morning,Moniepoint,Visa,4100,PT-2,Naomi
11/09/26,Afternoon,Access Bank,Mastercard,6600,MS-1,Kingsley
11/09/26,Afternoon,Zenith Bank,Visa,4900,PT-2,Godday
11/09/26,Night,GTBank,Afrigo,8500,MS-1,Jennifer
11/09/26,Night,Polaris,Mastercard,4300,PT-1,Naomi
11/09/26,Night,Zenith Bank,Visa,4300,PT-2,Judith
14/09/26,Morning,Polaris,Mastercard,11700,MS-1,Godday
14/09/26,Morning,Moniepoint,Verve,8700,MS-2,Jennifer
14/09/26,Morning,Opay,Visa,3500,PT-1,Naomi
14/09/26,Morning,Polaris,Verve,6000,PT-2,Kingsley
14/09/26,Afternoon,Moniepoint,Afrigo,6300,MS-1,Godday
14/09/26,Afternoon,Polaris,Visa,8400,MS-2,Kingsley
14/09/26,Afternoon,GTBank,Verve,5600,PT-1,Jennifer
14/09/26,Night,GTBank,Verve,8100,MS-2,Kingsley
14/09/26,Night,Opay,Mastercard,4800,PT-2,Jennifer
15/09/26,Morning,GTBank,Visa,11000,MS-1,Naomi
15/09/26,Morning,GTBank,Visa,9800,MS-2,Godday
15/09/26,Morning,GTBank,Visa,6600,PT-2,Kingsley
15/09/26,Afternoon,Access Bank,Mastercard,6800,MS-1,Godday
15/09/26,Afternoon,Polaris,Afrigo,3600,PT-1,Naomi
15/09/26,Afternoon,Zenith Bank,Verve,7000,PT-2,Kingsley
15/09/26,Night,Polaris,Visa,7000,MS-1,Judith
15/09/26,Night,Opay,Visa,9400,MS-2,Kingsley
15/09/26,Night,Moniepoint,Verve,4200,PT-1,Jennifer
16/09/26,Morning,Polaris,Visa,10800,MS-1,Godday
16/09/26,Morning,Access Bank,Mastercard,9600,MS-2,Kingsley
16/09/26,Morning,Moniepoint,Afrigo,7800,PT-1,Judith
16/09/26,Afternoon,GTBank,Afrigo,10800,MS-1,Naomi
16/09/26,Night,GTBank,Visa,11000,MS-1,Judith
16/09/26,Night,Access Bank,Visa,4000,PT-2,Naomi
17/09/26,Morning,Access Bank,Verve,7300,MS-2,Kingsley
17/09/26,Morning,Access Bank,Visa,3800,PT-1,Naomi
17/09/26,Morning,Opay,Afrigo,7400,PT-2,Godday
17/09/26,Afternoon,Opay,Afrigo,10500,MS-1,Naomi
17/09/26,Afternoon,Access Bank,Verve,9000,MS-2,Jennifer
17/09/26,Afternoon,Opay,Mastercard,6700,PT-1,Godday
17/09/26,Afternoon,Polaris,Verve,7500,PT-2,Kingsley
17/09/26,Night,Moniepoint,Visa,10500,MS-1,Judith
18/09/26,Morning,GTBank,Visa,9700,MS-1,Judith
18/09/26,Morning,Polaris,Visa,9800,MS-2,Jennifer
18/09/26,Morning,Polaris,Visa,7000,PT-1,Godday
18/09/26,Afternoon,GTBank,Visa,8400,MS-1,Kingsley
18/09/26,Afternoon,Opay,Afrigo,7200,MS-2,Judith
18/09/26,Afternoon,GTBank,Visa,6300,PT-1,Godday
18/09/26,Afternoon,Zenith Bank,Visa,4500,PT-2,Naomi
18/09/26,Night,Moniepoint,Afrigo,7200,MS-1,Kingsley
18/09/26,Night,Moniepoint,Mastercard,9600,MS-2,Judith
18/09/26,Night,Access Bank,Visa,7900,PT-1,Naomi
21/09/26,Morning,Moniepoint,Mastercard,8600,MS-1,Jennifer
21/09/26,Morning,Opay,Afrigo,6500,PT-1,Godday
21/09/26,Morning,Opay,Mastercard,3400,PT-2,Naomi
21/09/26,Night,Opay,Afrigo,10500,MS-2,Naomi
21/09/26,Night,Access Bank,Visa,6600,PT-1,Jennifer
21/09/26,Night,Polaris,Mastercard,4600,PT-2,Kingsley
22/09/26,Morning,Moniepoint,Verve,7200,MS-2,Godday
22/09/26,Morning,Opay,Visa,5000,PT-1,Naomi
22/09/26,Morning,Polaris,Afrigo,7500,PT-2,Judith
22/09/26,Afternoon,Zenith Bank,Verve,6400,MS-1,Kingsley
22/09/26,Afternoon,Access Bank,Mastercard,9600,MS-2,Naomi
22/09/26,Night,Zenith Bank,Afrigo,4800,PT-1,Godday
22/09/26,Night,Opay,Verve,6700,PT-2,Naomi
23/09/26,Morning,Access Bank,Verve,11500,MS-2,Godday
23/09/26,Morning,Polaris,Mastercard,6600,PT-1,Judith
23/09/26,Afternoon,Polaris,Mastercard,7200,MS-1,Godday
23/09/26,Afternoon,Zenith Bank,Verve,5300,PT-2,Naomi
23/09/26,Night,Moniepoint,Afrigo,10100,MS-1,Judith
23/09/26,Night,Zenith Bank,Afrigo,6500,PT-2,Kingsley
24/09/26,Morning,GTBank,Visa,7000,MS-1,Kingsley
24/09/26,Morning,Polaris,Verve,7400,MS-2,Judith
24/09/26,Morning,Access Bank,Visa,6300,PT-2,Jennifer
24/09/26,Afternoon,Opay,Visa,8300,MS-1,Godday
24/09/26,Afternoon,Moniepoint,Verve,7200,MS-2,Naomi
24/09/26,Afternoon,Zenith Bank,Mastercard,6000,PT-2,Jennifer
24/09/26,Night,Polaris,Mastercard,9000,MS-1,Judith
24/09/26,Night,Opay,Verve,6600,PT-2,Kingsley
25/09/26,Morning,GTBank,Verve,11800,MS-2,Kingsley
25/09/26,Morning,Polaris,Verve,6800,PT-2,Godday
25/09/26,Afternoon,Polaris,Mastercard,11500,MS-1,Kingsley
25/09/26,Afternoon,Polaris,Visa,9800,MS-2,Naomi
25/09/26,Afternoon,Zenith Bank,Afrigo,7400,PT-2,Judith
25/09/26,Night,Access Bank,Verve,8400,MS-1,Judith
25/09/26,Night,Moniepoint,Mastercard,4900,PT-2,Godday
28/09/26,Morning,Opay,Visa,11600,MS-1,Judith
28/09/26,Morning,Opay,Visa,7200,MS-2,Godday
28/09/26,Morning,Opay,Visa,4900,PT-1,Kingsley
28/09/26,Afternoon,Moniepoint,Afrigo,9000,MS-1,Naomi
28/09/26,Afternoon,Polaris,Visa,11600,MS-2,Godday
28/09/26,Afternoon,Moniepoint,Mastercard,3700,PT-1,Jennifer
28/09/26,Afternoon,Moniepoint,Mastercard,4000,PT-2,Judith
28/09/26,Night,Opay,Mastercard,6200,MS-1,Judith
29/09/26,Morning,Zenith Bank,Verve,7400,MS-1,Jennifer
29/09/26,Morning,Zenith Bank,Verve,8300,MS-2,Godday
29/09/26,Morning,Moniepoint,Afrigo,5000,PT-1,Naomi
29/09/26,Morning,Moniepoint,Visa,4900,PT-2,Judith
29/09/26,Afternoon,Access Bank,Visa,10600,MS-2,Jennifer
29/09/26,Night,Moniepoint,Afrigo,8100,MS-2,Kingsley
29/09/26,Night,GTBank,Mastercard,6800,PT-2,Judith
