Production Date,Shift Type,Client,Card Type,Quantity Produced,Machine Used,Operator Name
4/5/2026,Morning,UBA,Mastercard,216,MS-5000,Gift Gbolofa
4/5/2026,Morning,UBA,Mastercard,32,MS-5000,Kingsley Ojike
4/5/2026,Morning,UBA,Mastercard,39,MS-5000,Kingsley Ojike
4/5/2026,Morning,UBA,Mastercard,4,MS-5000,Gift Gbolofa
4/5/2026,Morning,UBA,Mastercard,1,MS-5000,Kingsley Ojike
4/5/2026,Morning,Basic Bank,Verve,300,Matica 1,Emmanuel Akpan
5/5/2026,Morning,Basic Gambia,Verve,300,Matica 1,Emmanuel Akpan
5/5/2026,Morning,Basic Gambia,Verve,100,Matica 1,Kingsley Ojike
5/5/2026,Morning,AGIB Bank,Verve,2500,Matica 1,Kingsley Ojike
6/5/2026,Morning,Polaris,Afrigo,6400,Piotec 1,Kingsley Ojike
7/5/2026,Morning,Palmpay,Verve,10000,MS-5000,Kingsley Ojike
7/5/2026,Morning,Wema,Verve,1700,Matica 2,Emmanuel Akpan
7/5/2026,Morning,Polaris,Afrigo,6400,Piotec 1,Vincent Shegun
7/5/2026,Morning,Palmpay,Verve,10000,Matica 1,Emmanuel Akpan
8/5/2026,Morning,Palmpay,Verve,10000,MS-5000,Emmanuel Akpan
8/5/2026,Morning,Wema,Verve,10000,Piotec 2,Kingsley Ojike
8/5/2026,Morning,Wema,Verve,2000,Piotec 2,Vincent Shegun
11/5/2026,Morning,Polaris,Afrigo,10650,Piotec 1,Kingsley Ojike
11/5/2026,Morning,Wema,Verve,2050,Piotec 2,Kingsley Ojike
11/5/2026,Morning,Palmpay,Verve,10000,MS-5000,Kingsley Ojike
12/5/2026,Morning,Polaris,Afrigo,10650,Piotec 1,Kingsley Ojike
12/5/2026,Morning,Opay,Verve,10000,MS-5000 1,Kingsley Ojike
12/5/2026,Morning,Opay,Verve,10000,MS-5000 2, Kingsley Ojike
12/5/2026,Morning,Opay,Verve,10000,Matica 1,Kingsley Ojike
12/5/2026,Morning,UBA,Mastercard,44,MS-5000 1,Kingsley Ojike
12/5/2026,Morning,UBA,Mastercard,2,MS-5000 1,Kingsley Ojike
12/5/2026,Morning,UBA,Mastercard,30,MS-5000 1,Kingsley Ojike
12/5/2026,Morning,UBA,Mastercard,158,MS-5000 1,Kingsley Ojike
12/5/2026,Morning,UBA,Mastercard,4,MS-5000 1,Kingsley Ojike
12/5/2026,Morning,Wema,Verve,2,Matica 1,Kingsley Ojike
12/5/2026,Morning,Wema,Verve,18,Matica 1,Kingsley Ojike
12/5/2026,Morning,Wema,Verve,2600,Matica 2,Kingsley Ojike
12/5/2026,Afternoon,Opay,Verve,10000,Piotec 1,Vincent Shegun
12/5/2026,Afternoon,Opay,Verve,10000,MS-5000 1,Jennifer Ofili
12/5/2026,Afternoon,Opay,Verve,10000,MS-5000 2,Vincent Shegun
12/5/2026,Afternoon,Wema,Verve,2600,Matica 1,Jennifer Ofili
13/5/2026,Morning,Opay,Verve,10000,MS-5000 2,Kingsley Ojike
13/5/2026,Morning,Opay,Verve,10000,MS-5000 1,Kingsley Ojike
13/5/2026,Morning,Opay,Verve,10000,MS-5000 1,Kingsley Ojike
13/5/2026,Morning,Wema,Verve,2000,Matica 1,Kingsley Ojike
13/5/2026,Morning,Wema,Verve,4,Matica 2,Kingsley Ojike
13/5/2026,Morning,Wema,Verve,200,Matica 1,Kingsley Ojike
13/5/2026,Morning,Wema,Verve,33,Matica 2,Kingsley Ojike
13/5/2026,Morning,Opay,Verve,10000,MS-5000 2,Kingsley Ojike
13/5/2026,Morning,Polaris,Afrigo,10650,Piotec 1,Kingsley Ojike
13/5/2026,,,,,,
